Elo Rank,Player,Age,Elo,hElo Rank,hElo,cElo Rank,cElo,gElo Rank,gElo,Peak Elo,Peak Month,ATP Rank,Log diff
Elo RankPlayerAgeElo hElo RankhElocElo RankcElogElo RankgElo Peak EloPeak Month ATP RankLog diff 1Jannik Sinner24.62317.912262.322166.322087.42329.62025-01102Carlos Alcaraz22.92270.922197.812215.712138.82308.52026-03203Novak Djokovic38.72099.632051.842002.231955.02463.22016-054-0.294Alexander Zverev28.92075.642029.432010.551892.72176.52022-0130.295Alex De Minaur27.12007.161958.681900.791839.42053.12024-067-0.346Daniil Medvedev30.12005.651976.471917.561881.92201.22022-0110-0.517Felix Auger Aliassime25.61997.271951.8141869.5101799.92062.72022-1050.348Taylor Fritz28.31980.491924.2131872.741914.32070.22025-09809Arthur Fils21.71976.281927.5111894.1171774.21993.92026-0330-1.2010Lorenzo Musetti24.01965.1121901.751977.071848.62050.52025-0590.1111Ben Shelton23.41955.2111919.0171838.5131793.22024.42025-0860.6112Alexander Bublik28.81953.0191868.691900.581845.51988.62026-01110.0913Tommy Paul28.81945.1181879.5121891.3181770.02028.82025-0518-0.3314Joao Fonseca19.61942.8101921.3271800.3351712.61992.52025-0335-0.9215Jiri Lehecka24.41934.2151888.4261803.9111799.61989.92025-10130.1416Jack Draper24.21929.3161886.0211815.1191752.02103.82025-0428-0.5617Learner Tien20.31927.3131897.31091633.4391705.91977.42026-0322-0.2618Jakub Mensik20.51927.2141890.8291794.1281724.91969.62026-0225-0.3319Valentin Vacherot27.31926.0211864.0381752.4851617.01929.62026-04170.1120Casper Ruud27.21925.8221860.061935.0451686.12071.92022-05120.5121Sebastian Korda25.61923.6171880.0321784.9121794.02020.72023-0143-0.7222Francisco Cerundolo27.61904.4201866.8151867.7491674.41961.62025-04190.1523Rafael Jodar19.51897.6301822.2201815.2621648.81897.62026-0355-0.8724Raphael Collignon24.21893.2271836.7301791.6661644.11893.22026-0465-1.0025Alejandro Davidovich Fokina26.71887.3251839.4221812.9301721.51934.82025-07230.0826Frances Tiafoe28.11886.3231845.6231811.9221744.01974.02023-06200.2627Andrey Rublev28.41879.2261837.0161847.8141789.12122.12021-04150.5928Ugo Humbert27.71868.8241843.8481732.2311720.52017.72024-0334-0.1929Alex Michelsen21.51862.6281828.9831681.7251728.91904.82025-0136-0.2230Tomas Machac25.41858.1291825.4541725.4401701.91972.72025-0447-0.4531Tomas Martin Etcheverry26.71856.5381787.9281797.7911607.61871.72023-05290.0732Cameron Norrie30.61855.4321802.3181828.5211748.42028.62022-08240.2933Stefanos Tsitsipas27.61855.1311813.6101899.0411701.62145.12021-0567-0.7134Karen Khachanov29.81845.6371791.6191818.8201750.92029.52018-10140.8935Matteo Berrettini29.91839.0331801.2311787.5231742.82065.72022-0791-0.9636Tallon Griekspoor29.71834.7341799.2351767.6161774.51951.82025-06320.1237Flavio Cobolli23.91831.1411777.0251807.3261727.81895.62025-07160.8438Gael Monfils39.51824.7361794.2711701.3551662.52087.12016-10200-1.6639Corentin Moutet26.91819.7461764.3391746.4271726.11881.92025-10310.2340Jaume Munar28.71819.1441769.6451737.6651644.41830.42025-10380.0541Brandon Nakashima24.61819.0391777.8641715.4241731.91909.52024-09330.2242Arthur Rinderknech30.71818.8451767.0501729.6421689.61871.82025-10260.4843Marin Cilic37.51817.2431769.8551724.4151779.42100.42010-0248-0.1144Yibing Wu26.41816.5401777.6771685.1981594.81882.92023-03102-0.8445Alejandro Tabilo28.81815.9521748.2341773.1371706.41895.72024-0745046Denis Shapovalov26.91814.2351796.5561722.3591652.61983.22020-01390.1747Zizou Bergs26.81812.4491759.2731697.0511669.61859.22025-03400.1648Eliot Spizzirri24.11810.3421772.11411596.1711637.21835.52026-0285-0.5749Alexander Blockx20.91806.8541743.8991654.3631648.51818.22026-0171-0.3750Grigor Dimitrov34.81798.9481763.3511727.2501673.72111.52014-08135-0.9951Ethan Quinn22.01797.3471763.8661714.6641646.71842.92026-03500.0252Hubert Hurkacz29.11795.7631725.2401743.6331714.72022.52024-0663-0.1953Reilly Opelka28.51793.7501756.1681703.9581656.91927.52022-0468-0.2554Yannick Hanfmann34.31793.7621727.1361761.1611649.11843.42023-06510.0655Marcos Giron32.61793.4551741.9911668.4341713.51874.12025-0375-0.3156Arthur Cazaux23.51792.9561737.6691702.8571658.71811.92025-1070-0.2257Mariano Navone25.01787.6891675.6331780.01291558.61875.92024-04440.2658Fabian Marozsan26.41783.8531746.4531726.21011593.11867.22024-04420.3259Holger Rune22.41781.9511749.5371753.7681640.92082.02023-05270.7860Marton Fucsovics34.11781.9591732.2591720.7291722.71924.22021-03540.1161Luciano Darderi24.11780.11101651.1241808.11031591.21857.02024-06211.0762Lorenzo Sonego30.61779.1601731.4751691.5461680.51895.32021-0566-0.0663Jordan Thompson31.71772.4581732.61321604.6361708.71891.22024-12143-0.8264Dino Prizmic20.61771.0721698.2461733.41141581.61783.62025-0987-0.3165Sebastian Baez25.21770.8671714.6471733.41401551.91941.42022-07570.1366Hamad Medjedovic22.61769.3691708.5411743.5841617.31844.22025-0488-0.2967Botic Van De Zandschulp30.41768.1641723.1651715.0921605.01938.02022-09490.3168Pablo Carreno Busta34.61766.8611727.2441738.31161581.12005.12021-0894-0.3269Jenson Brooksby25.41762.2661716.1811683.2441688.52005.32022-03620.1170Kamil Majchrzak30.21762.1651719.9611716.2531666.71813.12025-1072-0.0371Toby Samuel23.51755.4571733.71301604.81151581.61787.02026-04163-0.8372Zachary Svajda23.31748.0701705.01831530.9321716.21794.02026-0284-0.1573Gabriel Diallo24.51748.0741694.3791683.5481679.21889.22025-06370.6874Juncheng Shang21.01745.8711698.41071640.2601650.81895.72024-09263-1.2775Roberto Bautista Agut37.91744.7761690.5701701.3381706.42033.82016-0293-0.2276Roman Andres Burruchaga24.11743.31751560.8491729.71051587.31749.72026-03610.2277Benjamin Bonzi29.81742.4681709.61271608.9691640.41835.82022-06106-0.3278Camilo Ugo Carabelli26.71742.11221633.0421741.92081487.71771.92025-05640.2079Alexei Popyrin26.61741.4841680.6431741.4861614.91902.22024-10590.2980Borna Coric28.71740.9801686.4521726.3731633.52011.62019-01227-1.0481Alexandre Muller29.11737.3981666.7601719.21381552.71801.72025-0595-0.1682Daniel Merida Aguilar21.51734.5941671.0921666.51251567.21752.62026-03104-0.2483Miomir Kecmanovic26.51734.2751691.9761688.2781628.81900.62022-04580.3684Luca Van Assche21.91733.8731697.71011650.61211571.81801.52023-04100-0.1785Martin Landaluce20.21732.1781687.51281607.5541664.41742.42026-04101-0.1786Michael Zheng22.01727.2791687.52421473.61451544.21777.32025-09152-0.5787Zhizhen Zhang29.41725.8991664.0581720.8871613.91830.92024-09242-1.0288Kei Nishikori36.21724.1811685.41181620.9951596.22194.22016-08462-1.6689Ignacio Buse22.01722.11281611.7631715.81581534.51834.02025-09600.3990Terence Atmane24.21721.4831682.51151622.71411550.61760.22025-09410.7991Arthur Fery23.71721.0821684.72071511.31691518.91751.32026-03162-0.5892Alexander Shevchenko25.31719.7971667.8951662.71921502.61792.02024-02740.2293Mattia Bellucci24.81719.6871677.51251613.8721634.01814.32024-10780.1894Giovanni Mpetshi Perricard22.61718.71001662.3931664.8671641.71862.82024-12530.5795Soon Woo Kwon28.21718.6851680.11261612.41091583.31830.72023-01335-1.2696Pablo Llamas Ruiz23.41718.41301611.2671711.71421550.41742.52026-04151-0.4597Nuno Borges29.11718.3771688.8841680.91001593.51843.62025-03520.6298Zsombor Piros26.41717.91031657.7861676.11171580.91731.02023-04144-0.3899Rinky Hijikata25.01715.3861677.61931524.4831617.91744.92025-01103-0.04100Nishesh Basavareddy20.91703.6921671.61921525.11571535.21856.62025-01174-0.55101Matteo Arnaldi25.11702.9951668.8621716.01391552.71902.92024-06105-0.04102Otto Virtanen24.71702.4901672.51941523.9431688.71768.82024-03130-0.24103Titouan Droguet24.71698.31161640.7741693.91021592.31722.42025-07114-0.10104Cristian Garin29.81697.01561587.2721700.8741632.41889.62019-04830.23105Quentin Halys29.41696.3911671.61081640.0771629.61811.42023-04900.15106Borna Gojo28.01695.7961668.6971656.72191474.61800.22023-10137-0.26107Roman Safiullin28.61695.4881676.3961658.31101582.91911.32024-01226-0.75108Sebastian Ofner29.81694.81121645.6881674.5791626.01812.72024-01860.23109Jan Lennard Struff35.91694.11211634.2801683.5821620.41935.12024-07810.30110Stan Wawrinka41.01693.1931671.41111631.9941597.42145.52016-011070.03111Daniel Altmaier27.51692.31231630.7781685.01511538.91789.12021-08560.68112Adolfo Daniel Vallejo21.91691.42211495.4901671.0961595.71741.22026-03970.14113David Goffin35.31690.21181638.2871675.9561661.92048.72017-04179-0.46114Vit Kopriva28.81689.31131645.0891671.91191578.21760.52025-05770.39115Yoshihito Nishioka30.31688.71011659.21201618.31491539.91884.72023-01171-0.40116Laslo Djere30.61688.31341608.7571721.11261566.71854.62023-09214-0.61117Andrea Vavassori30.71688.11061655.01061640.81541538.11734.82023-04616-1.66118Chris Rodesch24.71687.41041656.11441593.6881613.51768.52026-02145-0.21119Juan Manuel Cerundolo24.31687.01381605.8851678.52421460.81774.82021-10690.55120Adrian Mannarino37.71685.81071653.62081509.2521666.81896.32018-01460.96121Lloyd Harris29.01684.51111650.11551576.9701639.21896.02021-10153-0.23122Jason Kubler32.71684.51201635.31221615.7471679.31790.02022-07233-0.65123Hugo Gaston25.51684.11021659.01161622.41271566.21795.12021-111160.06124Francisco Comesana25.41682.51191635.71021650.51371554.21761.92025-08920.30125Dalibor Svrcina23.41679.71141644.31451592.71861508.81712.92025-04128-0.02126Mackenzie Mcdonald30.91678.41171640.51721548.3971595.61847.62023-031230.02127Thiago Agustin Tirante24.91675.81391603.51031648.41641526.41707.72025-08730.55128Pavel Kotov27.31672.91081653.31421595.31481540.51797.12024-05262-0.72129Alex Molcan28.31671.91251617.31051645.91181580.61872.52022-07166-0.25130Marco Trungelliti36.11671.92041518.7821682.11911503.81693.12018-07790.50131Christopher Oconnell31.81671.31051656.01391597.41501539.71814.12025-03141-0.07132Emilio Nava24.31668.51401603.31171621.81311558.01738.22025-091120.16133Valentin Royer24.81664.91441597.11121624.2901608.21800.22025-10760.56134Kyrian Jacquet24.81663.61091652.21701554.41351554.61735.12025-02149-0.11135Arthur Gea21.21663.61151643.11531583.21601531.81722.12026-03138-0.02136Damir Dzumhur33.81660.21371606.6981654.81461543.41895.82017-09820.51137Coleman Wong21.81659.61261614.92561458.31651526.21730.82026-021210.12138Leandro Riedi24.11654.51321610.21711549.7811625.01823.32023-01169-0.20139Jack Pinnington Jones23.01647.71491592.81901525.4761631.31685.02026-021330.04140Sho Shimabukuro28.61646.01361608.02001514.91061586.11692.52023-091100.24141Nikoloz Basilashvili34.11645.61451595.41351601.4891610.41889.82019-011180.18142Adam Walton26.91643.01311611.02461469.52041491.01747.12025-041090.26143Patrick Kypson26.41640.91291611.41741546.42101482.71732.42026-01960.40144Nicolas Jarry30.41640.91671569.91101633.3751631.51903.02023-10155-0.07145Michael Mmoh28.11639.01351608.61841529.41561536.31762.32017-02264-0.60146Aleksandar Kovacevic27.51638.21271612.02321483.61981495.01758.82024-04990.39147Martin Damm22.51635.81241621.93461371.8801626.01767.91999-111240.17148Joel Schwaerzler20.11635.61821548.81331601.91721517.81650.72026-03173-0.16149Jerome Kym23.01633.91331608.91561576.61991494.61738.02024-10170-0.13150Tomas Barrios Vera28.31633.51731561.61211617.91071584.91710.32023-071200.22151Giulio Zeppieri24.21632.61471594.31591575.61081584.21691.22022-07167-0.10152Rei Sakamoto19.71631.91431601.62141499.91741515.91676.62026-02161-0.06153Roberto Carballes Baena33.01629.51521591.11241614.71901504.51788.12024-07202-0.28154Liam Broady32.21629.21411602.42231490.31631527.61757.42022-03250-0.48155Gustavo Heide24.11629.12151502.71141623.32091484.01661.12024-07210-0.30156Nicolai Budkov Kjaer19.51627.51421601.61481586.91781513.51749.32025-101390.12157Jesper De Jong25.81626.41711564.81041647.32011494.11741.02025-101080.37158Francesco Passaro25.11626.21571578.61231615.02281469.51779.02022-081470.07159Jacob Fearnley24.61625.81591577.81001652.41111581.91910.02024-10980.48160Liam Draxl24.31625.41581578.31881526.92211473.41699.62025-071570.02161Aleksandar Vukic29.91625.01461594.61911525.11231570.31773.32025-01890.59162Dusan Lajovic35.71624.21761560.71361601.42061489.61854.62018-101340.19163Fabio Fognini38.11622.91691568.71191620.01361554.32003.82014-04164Jurij Rodionov26.81622.41601577.11541580.41621527.81702.12023-061640165James Duckworth34.11622.21541589.01811531.51321558.01785.92021-11800.72166Luca Nardi22.61622.01531590.31601573.52651447.21724.62024-041400.17167Clement Chidekh24.81621.81511592.12951422.51811510.91695.52024-03176-0.05168Ilia Simakin22.41620.41481593.43011420.21841510.21679.72026-02219-0.27169Bu Yunchaokete24.11618.11641576.21581575.72571451.21834.92024-09175-0.03170Jaime Faria22.61618.01791556.51511584.51221571.01692.52024-051420.18171Harry Wendelken24.21617.11501592.83031418.62391461.31641.52026-04223-0.27172Harold Mayot23.91614.71611576.81461591.41681521.51701.92024-06183-0.06173Francesco Maestrelli23.21611.81551587.71751546.42561451.41711.42022-071130.43174Pedro Martinez28.91611.71701568.01401597.02341467.31844.32022-041250.33175Dhakshineswar Suresh25.81610.61721563.43091415.31891505.31616.62025-10463-0.97176Daniel Evans35.61610.41651573.11851527.5931603.01902.52021-04201-0.13177Stefanos Sakellaridis21.51610.41801555.91501585.11341555.21624.32026-04212-0.18178Carlos Taberner28.41610.32741445.01311604.72891433.41725.02021-101190.40179Hugo Dellien32.81610.22451472.11381597.62351465.91779.82022-051560.14180Henrique Rocha21.91607.01921540.01431593.91851509.41650.12026-031260.36181Emil Ruusuvuori26.61606.11621576.81651558.31201576.41893.22023-06720-1.38182Vilius Gaubas21.21606.11661572.11611570.61471541.81718.52025-051220.40183Alex Bolt33.21604.51861546.72831429.21041587.61688.92019-031540.17184Jan Choinski29.81604.41991530.41291606.63231418.11669.32025-111170.45185Stefano Travaglia34.21603.91811555.81621568.22301468.91793.82021-021360.31186Lukas Klein27.81601.11971535.11131623.91331557.21777.52024-031580.16187Yosuke Watanuki27.81598.41771559.41571576.11281566.11798.22023-05239-0.25188Stefan Dostanic24.41592.81881545.22211493.01961496.41604.92026-04270-0.36189Pierre Hugues Herbert35.01592.31681569.22091506.51431546.11867.92019-06224-0.17190Matteo Gigante23.71591.81981533.61371598.02461457.11709.52025-05192-0.01191Facundo Bagnis35.51590.72101512.91521583.84261363.21737.02021-07400-0.74192Alexis Galarneau27.01588.91781558.32541459.31791513.31631.52024-04203-0.06193Mark Lajal22.71588.41841547.62251489.51131581.81685.32025-071650.16194Filip Misolic24.51587.22481469.3941663.91611531.31829.42025-071110.56195Facundo Diaz Acosta25.31586.22311485.91491586.13001429.11791.92024-021780.09196Alejandro Moro Canas25.31585.01831548.01731547.91751515.91673.52024-07234-0.18197Nicolas Moreno De Alboran28.71583.81741561.61791537.81971495.21687.72024-11537-1.00198Ugo Blanchet27.21581.61631576.32301485.72321468.41662.12025-081600.21199Nicolas Mejia26.11580.82231493.81471589.02051490.41580.82026-031500.28200Mikhail Kukushkin38.21577.11851547.21821531.11441545.81864.22010-10283-0.35201Thiago Monteiro31.71577.01951537.31631566.02181475.31748.22024-05278-0.32202Daniil Glinka25.91576.71901540.61801534.41531538.41687.52026-021770.13203Federico Coria33.91576.62491469.01681555.03771390.01754.42021-07826-1.40204Dane Sweeny25.01575.71871546.13731353.12941431.61645.72026-021320.44205Hugo Grenier29.91573.11961535.72721438.12261470.61734.02022-09209-0.02206Marko Topo22.41570.72001527.01971518.12001494.61663.92022-04260-0.23207Elias Ymer29.81569.51941538.11991515.11701518.61751.82015-061720.19208Tristan Schoolkate25.01568.52011526.12971421.71241570.11703.12025-071150.59209Marco Cecchinato33.51562.32781439.41771544.22951431.41838.62018-071860.12210Andrea Pellegrino29.01560.33611365.11641560.83501402.01644.12025-061310.47211Albert Ramos37.71557.72031520.01891526.13111424.11889.02017-04481-0.82212Luka Mikrut21.81556.52961422.91341601.72121478.21735.42025-101800.16213Cedrik Marcel Stebe35.31556.42021523.21761544.92361463.31824.72017-09329-0.43214Darwin Blanch18.51556.22341485.62371478.32131478.11566.02026-04246-0.14215Tom Gentzsch22.51552.32331485.62101506.02151476.21583.72026-03231-0.07216Moise Kouame17.01552.21891541.33591362.02161476.11572.62026-03339-0.45217Dominic Stricker23.61550.62061517.42111504.71521538.81798.62021-06302-0.33218Rio Noguchi27.21550.12071517.34051322.72971430.01572.52026-032150.01219Chun Hsin Tseng24.61549.52261492.71671556.03471402.91715.62022-041590.32220Federico Cina19.01545.01911540.62331482.32231472.51644.22025-062040.08221Elmer Moller22.71544.42651451.61781540.01931501.31741.12025-041290.54222Remy Bertola27.51542.72111509.62821429.42241471.31580.92026-011990.11223Trevor Svajda19.81541.92131506.83381380.92251470.91625.42025-09393-0.57224Clement Tabur26.11539.01931538.92631448.32801439.01601.72026-031960.13225Stefano Napolitano30.91537.92541467.71871527.02071487.81662.12024-05240-0.06226Mili Poljicak21.61537.44021329.81951519.32901432.91537.42026-03310-0.32227Brandon Holt27.71536.82121507.13701353.71871507.01725.52025-02256-0.12228Ilya Ivashka32.01534.02141503.01691554.61761514.41922.52021-09683-1.10229Gilles Arnaud Bailly20.41533.82321485.92131500.21731516.91665.92026-012060.11230Kimmer Coppejans32.11532.32571463.42051513.42601449.61697.02015-042300231Colton Smith23.01530.62051517.53121413.41591534.21837.62025-061890.20232Ricardas Berankis35.11529.42301490.11861527.51821510.61842.42011-02618-0.98233Luka Pavlovic25.91529.32441473.32291486.22031492.51635.02025-072210.05234Alexander Ritschard31.71528.02621454.41661557.12291469.41695.92024-07568-0.89235Thiago Seyboth Wild25.91527.82091514.02041513.42171476.01793.42024-05251-0.07236Lukas Neumayer23.51527.32861433.41961518.23191419.21600.22025-061930.20237Oliver Tarvet22.01526.22401478.52061513.1991594.61735.22025-08333-0.34238Bernard Tomic33.31523.62371481.42651446.21551536.51947.42015-031910.22239Christopher Eubanks29.41523.42251493.03101414.61661524.21864.82023-07598-0.92240Timofey Skatov25.21523.32501469.02031513.72201473.71672.02024-071950.21241Maxim Mrva18.61523.02081514.82791431.21801511.51619.42025-03303-0.23242Billy Harris31.11522.52381479.83071415.61771513.61711.42024-061480.49243Lautaro Midon22.01518.92701447.82171498.32441459.41539.92026-042160.12244Gregoire Barrere31.51517.82221494.52221490.71711518.21804.52020-02850-1.25245Igor Ribeiro Marcondes28.71517.12881429.32121504.72451458.51649.42026-01293-0.18246James Mccabe22.61514.72431474.54101320.81881506.41584.12025-032350.05247Taro Daniel33.11512.42291491.32451472.22511453.91766.82023-04349-0.35248Yasutaka Uchiyama33.61510.42391479.03471371.32741441.21727.52019-10279-0.12249Vitaliy Sachko28.71509.72801438.02241490.33521401.61643.52023-072080.18250Rodrigo Pacheco Mendez20.91509.52411478.52761434.62481454.81522.12026-03265-0.06251Frederico Ferreira Silva31.01509.12161498.72731437.62141476.81642.42021-052410.04252Edas Butvilas21.71508.52181497.23171409.42811438.21672.02024-09266-0.05253Gonzalo Bueno22.01508.44101322.82161499.02501454.21602.22025-111870.30254Shintaro Mochizuki22.71508.22771441.72341480.61121581.91714.92025-101270.69255Marc Andrea Huesler29.71508.12271491.62281487.42311468.61817.02023-02340-0.29256Daniel Elahi Galan29.71507.12351485.62401474.02111480.61757.52022-092450.04257Andres Andrade27.31506.82761443.92411473.92521453.41584.82024-082170.17258Juan Carlos Prado Angelo21.01506.23391383.62011514.42531453.11611.62025-101970.27259Alvaro Guillen Meza23.21505.54441289.92201493.82911432.71627.02025-112250.14260Arthur Bouquier25.11505.42361482.03921332.62761440.21732.02025-03596-0.83261Tristan Boyer24.81504.72191496.92491462.23091424.71753.12025-012430.07262Henri Squire25.41504.52611456.02181498.04201365.71670.02024-062540.03263Pedro Boscardin Dias23.11504.54491284.52151499.12551452.31517.92026-042290.14264Hynek Barton22.01501.72421475.12601452.72581450.81544.92025-07296-0.11265Gianluca Cadenasso 21.51500.93731360.52361479.52591450.51561.62026-03266Mitchell Krueger32.21499.22521467.92551458.62701442.81653.62022-04271-0.02267Alex Barrena23.41498.74131317.52191494.12631449.31596.12025-071680.46268Li Tu29.81498.62601458.52981421.71671521.81633.52022-10381-0.35269Hayato Matsuoka21.21497.12461471.43621358.52641448.51542.52026-03366-0.31270Johannus Monday24.01497.12471469.63631358.53611398.71559.82026-01272-0.01271Yu Hsiou Hsu26.91497.02511468.33401378.54561349.91648.02023-112130.24272Matej Dodig20.61493.52951423.02441472.72661446.71601.72024-092050.28273Norbert Gombos35.61493.22591462.82311485.73031428.11753.22020-11341-0.22274Genaro Alberto Olivieri27.61491.93771355.12391474.74141370.91585.62023-071980.32275Yi Zhou21.01491.42531467.93871337.52671445.71610.12026-012200.22276Alibek Kachmazov23.41490.42561466.53271396.42621449.51637.52025-04512-0.62277Zdenek Kolar29.41490.12931423.52271487.92721441.71621.12021-091820.42278Duje Ajdukovic25.11489.52551466.62381475.84401358.71687.62024-09287-0.03279Oleg Prihodko28.31489.52661450.32941423.12681444.81514.02021-12362-0.26280Felix Gill23.71488.72171498.53191403.34431356.41531.52026-022280.21281Juan Pablo Varillas30.41488.23421380.92351480.34091372.21730.02021-10295-0.05282Guy Den Ouden23.91488.13941334.91981516.13461404.41722.82025-081810.44283Daniel Rincon23.21487.42201496.72911424.24501354.01613.82023-092820284Sumit Nagal28.51487.32691448.12261488.04001376.11745.22019-09292-0.03285Jay Dylan Hara Friend22.11484.62581462.93801347.12711442.31581.82025-10430-0.41286Mika Brunold21.31479.32681450.03041416.62781439.61510.92025-07385-0.30287Mees Rottgering18.51478.62631454.42671444.12221472.71495.62026-02476-0.51288Felipe Meligeni Alves28.11477.42971421.92471468.51951497.21695.32023-10799-1.02289Murphy Cassone23.51477.22721447.03821342.73141422.71684.92025-022530.13290Kenta Miyoshi21.61475.62731446.73781347.82821437.81512.82025-11634-0.78291Sascha Gueymard Wayenburg22.61475.12911424.72591453.63511402.01563.92025-012670.09292Raul Brancaccio28.91475.13101413.22531460.93381407.11644.92023-012520.15293Filippo Romano20.61474.82281491.53931331.42841437.41531.62026-03382-0.27294Moez Echargui33.21474.52811437.13201402.42861437.31647.02025-091460.70295Petr Brunclik19.61474.52851433.73321389.32851437.31538.32025-11314-0.06296Enrico Dalla Valle27.91472.93361390.62611450.72871436.51543.62024-07488-0.50297Jozef Kovalik32.81472.83001421.12481465.64041374.31721.82018-07791-0.98298Nerman Fatic31.41472.63191405.52511462.02491454.61584.42023-072370.23299George Loffhagen24.91472.52671450.14091321.03211418.51649.02025-072480.19300Andrej Martin36.41470.33521372.92661444.94601347.51674.72014-08422-0.34301Federico Agustin Gomez29.31467.43051413.82641446.32731441.71668.62024-091850.49302Hamish Stewart26.31465.13221403.23831342.52021493.81602.22025-08406-0.30303Hyeon Chung29.71464.82841434.92021513.93791388.31991.82018-03548-0.59304Justin Engel18.41462.72831436.23601361.32431460.41607.82025-111840.50305Franco Agamenone32.91461.33781350.32691442.14381359.61707.62021-102770.10306Radu Albot36.21459.92871432.52581455.01941498.81823.42019-05455-0.40307Pol Martin Tiffon26.61459.02241493.73361384.13651396.71549.22026-02309-0.01308Christoph Negritu31.91458.72941423.42841428.72991429.31540.22024-11395-0.25309Oliver Crawford26.81458.73011419.83341387.72331467.51580.72023-102220.33310Guido Ivan Justo28.31457.74161314.52621449.23011428.91500.82026-022610.17311Lorenzo Giustino34.51457.42751444.33311390.94821334.51643.82019-062070.41312Javier Barranco Cosano27.21457.43261398.92701441.32921432.71581.02024-07402-0.25313Dan Added26.91457.02991421.43941330.73021428.51565.52025-112180.36314Beibit Zhukayev25.41456.93201405.13611358.51831510.51640.22023-113050.03315Juan Pablo Ficovich29.11456.52791439.42961422.32791439.51597.42020-101900.51316Ivan Gakhov29.31455.33251399.23181409.03591399.21659.62023-052680.16317Dimitar Kuzmanov32.61455.02821436.53021418.83151422.41640.12021-053080.03318Lilian Marmousez24.01454.43291397.62851428.33041427.21522.82026-013060.04319Mats Rosenkranz27.41453.52921424.34111320.23621398.41503.32025-103160.01320Andrew Paulson24.31452.43751355.82871426.83051426.21560.32024-08584-0.60321Max Houkes25.71452.34291300.82681443.93711392.21481.32025-032570.22322Gastao Elias35.11451.82981421.52801429.94051374.21737.52016-08527-0.49323Blake Ellis27.21451.12901424.83901335.63061425.61501.32026-03531-0.50324Marc Polmans28.81451.03031415.03081415.42401461.21618.12019-10343-0.06325Mert Alkaya25.61449.72891426.93521367.53081424.91482.92025-11352-0.08326Oriol Roca Batalla32.91449.33441379.62921424.13851385.81554.62024-06379-0.15327Facundo Mena33.51447.63661364.82881426.53781388.51616.92019-092970.10328Inaki Montes De La Torre23.41446.92641452.64081321.43121423.41529.02025-02365-0.11329Karue Sell31.71446.23061413.53141411.83131423.11529.32024-10653-0.69330Jay Clarke27.61445.73041414.53111414.14651344.61617.42018-071940.53331Gauthier Onclin25.01445.73301397.12501462.23101424.51591.32023-072470.29332Calvin Hemery31.11444.73431380.42571457.04021374.51651.12015-06355-0.07333Ryan Peniston30.21441.03231402.03671356.52771440.01723.22022-062910.13334Franco Roncadelli26.11440.93801349.42931424.03171420.41461.62026-032760.19335Abedallah Shelbayh22.31440.12711447.14011326.52831437.71648.22024-022980.12336Maks Kasnikowski22.71439.53311396.62431472.82271469.71652.12024-063180.06337Stefan Kozlov28.11439.23071413.43051416.13181419.51724.42022-022590.26338Aziz Dougaz28.31438.83131412.72901425.73751390.31555.32020-02538-0.46339Laurent Lokoli31.41438.33281398.52711440.32541452.51608.22023-07426-0.23340Michael Geerts31.11438.23021418.73531367.04271362.71540.62023-032860.17341Alastair Gray27.71437.73211403.93961328.83801387.41526.52024-013210.06342Andrea Collarini34.11436.74061327.42991421.64751338.71572.52019-092360.37343August Holmgren27.91436.33371390.03651357.91301558.51677.92021-091880.60344Tung Lin Wu27.81435.83161407.52741436.03971377.31605.02023-043360.02345Antoine Escoffier33.61435.73081413.44751258.44341360.81628.42023-03464-0.30346Kilian Feldbausch20.51435.74211310.72891426.23241417.81499.12024-01412-0.17347Paul Jubb26.41434.43121412.83841342.42611449.61632.12022-032840.20348Stuart Parker28.21434.03151412.24001327.04871324.71524.12025-03644-0.62349Matias Soto26.91431.34051327.62861427.23251415.71461.22025-033040.14350Marat Sharipov23.21430.63141412.23301391.63271415.31613.92025-02387-0.10351Benjamin Hassan31.11427.13381386.02771434.03341410.31680.22023-103340.05352Diego Dedura Palomero18.01425.94461288.42811429.73281413.01467.52026-032580.31353Andre Ilagan25.31424.93241401.04061322.53291412.51524.72025-103450.02354Geoffrey Blancaneaux27.61424.73341393.63001420.64731340.41591.52023-053470.02355Manas Dhamne18.21424.23181406.03281394.92381462.11466.92026-02443-0.22356Eduardo Ribeiro28.01423.44421290.23061415.83321411.71463.22026-03389-0.09357Daniel Masur31.21422.73351393.53291391.93391406.91621.92021-03374-0.05358Ioannis Xilas24.81421.93331395.02521461.02411461.01652.32025-083560.01359Alex Martinez25.01421.83631364.93251401.33331410.91501.52024-073110.14360Denis Yevseyev32.71421.43321396.33331388.93161420.61565.72024-01403-0.11361Nikolas Sanchez Izquierdo27.01419.54711260.63241401.43351409.71517.82022-062940.21362Filip Cristian Jianu24.51418.64111321.23261401.03551400.61578.52019-092750.27363Hernan Casanova32.11418.44601275.53221402.23951378.41474.02022-09404-0.11364Matteo Martineau27.21418.03271398.83681355.73741391.31624.52024-023200.13365James Trotter26.61416.43411382.03661357.53831386.01658.12025-013480.05366Bernabe Zapata Miralles29.01416.13581367.73151411.33071425.01779.92023-05589-0.48367Alexey Vatutin33.01415.23401382.03451373.84111371.61637.32018-04446-0.19368Jonas Forejtek25.01414.23831346.63161410.43761390.11614.52022-053070.18369Joao Lucas Reis Da Silva26.01413.64091323.23131412.13401406.81531.32025-112110.56370Juan Manuel La Serna22.11413.43821347.23231401.73411406.71449.52026-033630.02371Charles Broom27.81412.53451377.74151316.23371408.71536.42024-062490.40372Hady Habib27.41411.63671364.12751435.42961431.01624.92025-053510.06373Marek Gengel30.31410.63471377.34721260.04241364.91505.82023-013710.01374Eliakim Coulibaly23.81410.43111413.03861337.93431405.21537.12025-052800.29375Daniel Michalski26.21409.93091413.33741352.92471455.01590.82020-022690.33376Tom Paris23.51409.93541372.23641358.33441405.01497.22025-113610.04377Yuta Shimizu26.81404.33501374.14421288.23361408.81590.82024-053780378Miguel Damas26.21402.54001331.03421376.63531401.31441.52026-032730.33379Petr Bar Biryukov23.91402.13461377.44201311.13541401.11488.12025-103440.10380Antoine Ghibaudo21.01400.63651364.94291304.22371462.61518.92025-093220.17381Dali Blanch23.01400.34941217.22781433.03571400.21464.62025-083500.08382Dmitry Popko29.21398.43171406.33761350.54851329.41631.72020-01591-0.44383Fajing Sun29.51397.63571370.74861230.43961377.71487.12025-072440.45384Quinn Vandecasteele23.51397.23491375.14241308.63911381.71409.22026-03456-0.17385Juan Bautista Torres24.01396.84301300.43371383.83631398.41586.62022-073240.17386Tyler Zink25.11394.53681363.34211309.93301412.11473.92025-103150.20387Robin Bertrand22.91393.43591366.94371299.53661396.71540.92024-072900.29388Buvaysar Gadamauri25.71392.73551372.04181314.43671396.41434.42026-033600.07389Jakub Paul27.01389.23901340.13791347.63681394.61506.32025-08513-0.28390Milos Karol23.01387.84011330.63721353.43691393.91457.62025-10415-0.06391Murkel Alejandro Dellien Velasco28.51386.63711361.23441375.84101372.21602.52022-012890.30392Sergio Callejon Hernando21.51386.24071327.33571364.23701393.11418.72026-03445-0.13393Philip Henning25.31385.73641364.93771350.42691442.91559.82021-093000.27394Daniel Milavsky24.41385.63601365.24321302.84061373.61406.92026-023680.07395Kaichi Uchida31.61384.43761355.74021325.63451404.91571.82023-022380.51396Samir Banerjee22.11383.93721361.04331302.03721392.01472.42025-09411-0.04397Khumoun Sultanov27.21383.63511373.24521279.93481402.51553.92025-02398Tai Sach23.41382.93701362.14351301.53731391.51436.62026-02507-0.24399Edward Winter21.41381.43851345.44361300.73221418.21440.22025-10448-0.12400Andrej Nedic21.41381.03621365.13411378.42751440.51439.02022-092880.33401Patrick Zahraj26.71377.23481376.14511281.83601399.01596.72025-033990.01402Viktor Durasovic28.91376.43741357.44031325.64831331.91494.22025-02418-0.04403Hiroki Moriya35.41375.73861343.14611266.34231365.11584.02012-12427-0.06404Maximus Jones21.51372.73811349.33971328.83811386.31524.42025-043230.22405Henry Bernet19.11372.04141316.03491370.53841386.01537.62025-11499-0.21406Nicolas Kicker33.61371.63911338.73551365.04801335.31706.22018-053460.16407Alfredo Perez28.41371.63961333.43391379.73861385.81451.22025-10497-0.20408Philip Sekulic22.51371.33881341.04661264.44611347.51533.12024-073540.14409Matheus Pucinelli De Almeida24.81370.44831249.53541365.63821386.11650.02022-033750.09410Florent Bax26.71369.53691362.54171314.83871384.71474.22026-012810.38411Federico Arnaboldi25.71369.44121320.53991327.34491354.21623.02024-08440-0.07412Stefan Palosi26.11368.84361294.43691354.73881384.41405.52026-024080.01413Rudolf Molleker25.21368.73981331.73581364.04521353.61712.92019-06429-0.04414Alexander Donski27.51368.13531372.73751351.82881434.01558.62021-09687-0.51415Mathys Erhard24.31367.53871341.23811345.13891383.71455.12025-113580.15416Andres Martin24.71364.13841345.43431376.12931432.11603.62022-072740.42417Luca Potenza25.31362.94041327.73881335.83921381.41470.32022-06447-0.07418Benoit Paire36.71361.83931335.73351385.43311412.01909.02013-051037-0.91419Sandro Kopp25.81361.34411291.03511368.63931380.71547.12025-113130.29420Gabi Adrian Boitan26.71360.03891340.43851341.32981430.01488.62022-033300.24421Alex Rybakov29.11354.64191311.34251308.33641398.41516.52022-073420.21422Andrea Guerrieri27.31354.14321298.04121320.03981377.01362.52026-043380.22423Lukas Pokorny23.81353.54081324.04471284.13991376.81435.52025-05518-0.20424Carlo Alberto Caniato 20.31350.74671263.23501369.14011375.31451.22025-09425Giles Hussey28.81350.14151315.24461285.14771337.21487.32025-083250.27426Giovanni Fonio27.71349.03791349.54131319.44031374.51566.92023-02533-0.22427Aidan Mayo22.81348.93921337.54671264.03941380.61541.12024-11623-0.38428Daniel Dutra Da Silva37.71348.74781253.03911333.74351360.51519.52009-023770.13429James Watt25.61348.43971331.94801248.93421406.71360.22026-01666-0.44430Federico Bondioli20.81346.44901226.33711353.74071373.21422.62025-063270.27431Masamichi Imamura27.31346.24171314.14481283.14081373.11394.52024-11466-0.08432Sergey Fomin25.11342.74281302.23481370.74131371.31386.42024-073830.12433Dan Martin26.81341.44431290.24161315.14701342.91374.12025-113800.13434Henry Searle19.71339.64271303.94441287.94641346.21474.62025-064100.06435Pietro Fellin24.61338.74181312.44641264.84171369.41419.72026-02494-0.13436Olaf Pieczkowski21.81338.43991331.43951329.43201419.21621.02023-11489-0.11437Mae Malige19.91336.94241308.64871229.14181368.41435.82025-10542-0.22438Omar Jasika28.81333.84201311.04681263.85161261.41669.12017-02442-0.01439Francesco Forti26.61333.44401291.14341301.64191366.71478.82019-07496-0.12440Eero Vasa29.01331.44231309.84311303.03261415.71415.62016-034390441Martin Krumich23.21331.34351296.54411292.34211365.71384.12026-033170.33442Nicolas Alvarez Varona24.81330.93561370.74561274.44221365.51526.22022-11465-0.05443Conner Huertas Del Pino30.21329.14251307.04261306.44251364.51363.32026-03672-0.42444Jacopo Berrettini27.21325.44761257.83891335.84281362.71592.32024-053190.33445Carlos Sanchez Jover25.61324.74851232.64221309.24291362.41440.52023-093570.22446Santiago Fa Rodriguez Taverna26.61324.54511283.04141317.04591349.01672.62022-012550.56447Andrea Picchione27.21324.44661266.54281305.24301362.21366.12024-044230.06448Max Alcala Gurri23.51323.14741258.84301303.44311361.51332.32022-043590.22449Lucas Poullain30.21323.04311299.94741258.74321361.51590.82023-104200.07450Cannon Kingsley24.91322.43951334.64851232.74331361.21468.02023-094350.03451Patrick Maloney25.61320.74611273.34071322.04161370.71467.52025-07546-0.19452Miguel Tobon19.71319.94341296.54231308.84151370.91600.31995-094490.01453Neil Oberleitner26.41319.64481286.44581271.84361359.81378.02024-07479-0.06454Olle Wallin24.21319.34471287.94191311.94371359.71488.22025-074070.11455Johan Nikles29.01318.74621273.04271306.14391359.31535.72022-06459-0.01456Maxime Janvier29.41317.04391291.44491283.14421356.81601.52019-09574-0.23457Corentin Denolly28.81314.94691263.24541277.34681344.11455.62025-03474-0.04458Tibo Colson25.71314.34261304.44981212.24411357.21412.32026-023900.16459Alan Magadan24.81312.04371294.04591270.84441356.01381.12025-07703-0.43460Kaylan Bigun19.61311.14561279.64771255.54451355.61423.02025-08664-0.37461Cruz Hewitt17.11310.74381292.54621265.34461355.31349.32026-02696-0.41462Garrett Johns25.31310.04221310.34731258.94471355.01534.52025-083920.16463Tsung Hao Huang26.21308.84551279.64651264.44481354.41406.72023-10492-0.06464Jie Cui28.11307.84571278.94991211.84511353.91491.52025-053980.15465Aleksandre Bakshi28.51304.74521281.53211402.43491402.41613.02024-07580-0.22466Gabriele Piraino22.31303.24891226.64391298.34531351.61397.22026-023640.25467Luciano Emanuel Ambrogi22.31302.55001202.44401295.84541351.21410.32024-093840.20468Jelle Sels30.51302.14031327.84571272.25191247.31640.82022-114500.04469Renzo Olivo33.81301.84451288.64551277.14891322.71643.42015-02767-0.49470Kasidit Samrej25.11300.84591276.83561364.63561400.41424.32019-044210.11471Gonzalo Villanueva31.21300.34971213.54451286.64551350.21454.72022-053720.24472Blaise Bicknell24.21299.64531281.14601266.53581399.81587.22024-023310.35473Pedro Sakamoto32.71298.84681263.24431287.94571349.41495.62019-054330.09474Michele Ribecai23.11298.24801251.44701261.64581349.11365.62026-032850.51475Robert Strombachs26.41293.34331297.84781255.34621346.71479.92025-054730476David Jorda Sanchis31.71293.04991208.24041323.44981307.61531.32023-073860.21477Carl Emil Overbeck24.61292.94631271.24761256.54631346.51413.12025-114240.12478Naoki Nakagawa29.21289.24641270.85151148.84661344.61327.72024-09675-0.35479Jacopo Vasami18.31288.34931217.84381298.54671344.21452.92025-06557-0.15480Keegan Smith27.71287.94751258.65041187.04691343.91403.92021-123010.47481Olukayode Alafia Damina Ayeni26.61285.24581277.25051186.45051298.91374.82022-104820482Paulo Andre Saraiva Dos Santos25.71284.54861231.44501282.04711342.21327.32026-03502-0.04483Christian Langmo29.71283.14701262.35131154.64721341.61411.82023-044610.05484Taha Baadi24.61282.14821249.64531279.84991305.31300.12025-094850485Adria Soriano Barrera26.71279.64541280.94911225.54741339.81429.02025-073880.22486Andrew Fenty26.01277.24731259.14831236.84761338.61297.02026-013910.22487Yusuke Takahashi28.41272.84841248.04631265.04781336.41451.52018-01554-0.13488Thomas Faurel20.21271.84721259.84891227.14791335.91412.62026-014190.15489Luca Castelnuovo29.01269.84791251.94951218.74811334.91285.62026-024050.19490Aristotelis Thanos24.61267.44771254.63981328.23901383.71576.32025-024910491Juan Alejandro Hernandez Serrano26.71259.44811249.95001211.74841329.71300.92025-064570.07492Mateus Alves25.11256.35141152.14711260.14861328.21422.12024-11501-0.02493Saba Purtseladze24.61253.44651268.35161144.35011304.81466.82025-053280.41494Max Wiskandt24.11251.14921220.34811241.95061298.31454.02025-044720.05495Alexandr Binda24.51246.94911224.14841233.54881323.51450.92025-074680.06496Joaquin Aguilar Cardozo 20.91243.14501283.34791255.04121371.51554.42023-09497Renta Tokuda28.01242.54951215.55071182.54901321.31380.82018-053260.42498Carlos Maria Zarate1237.74871231.14931221.04911318.91301.92025-10529-0.06499Juan Sebastian Gomez34.01237.64981209.74881228.24921318.81319.22017-09585-0.16500Aryan Shah20.31235.24881227.94901226.14931317.61524.62025-074930.01501Karan Singh22.61232.75011197.34691263.34941316.41339.82025-024340.14502Valerio Aboian23.81230.45091175.14921223.44951315.21355.12024-04534-0.06503Vadym Ursu29.21222.75031195.65101167.65101290.31281.32025-114770.05504Justin Boulais24.41220.05021195.84941220.04961310.01416.62023-074280.16505San Hui Sin28.91215.85041193.34961217.94971307.91314.12025-083690.31506Karl Poling26.51214.44961213.65031192.05151265.51280.82025-11544-0.07507Kokoro Isomura23.11209.75071180.54971214.95001304.91428.82024-11553-0.09508Mariano Kestelboim30.11209.55081176.25021200.05021304.81312.12025-06624-0.21509Pierluigi Basile19.01205.35131155.24821240.45031302.71426.92025-06682-0.29510Bruno Kuzuhara22.01198.05051186.35111165.55041299.01335.12024-07578-0.13511Lorenzo Joaquin Rodriguez26.51192.35101172.35081182.45071296.21362.42024-044580.11512Leo Borg22.51189.85061183.95181137.65081294.91211.02025-104800.06513Moerani Bouzige26.71188.65111158.45011204.35091294.31416.72024-124250.19514Lorenzo Carboni20.01164.45171125.35061183.15111282.21325.22023-084700.09515Sebastian Gima23.71162.05121157.95141153.75121281.01251.02025-08577-0.11516Tiago Pereira21.71152.15161129.05091175.35131276.11406.92025-082990.55517Joao Eduardo Schiessl21.61135.65151141.05171138.95141267.81394.02025-104410.16518Jake Delaney28.81112.15191098.55191136.25171256.11252.32025-115030.03519Juan Carlos Aguilar27.21098.15201055.25121158.75181249.01243.92025-01852-0.50520Tristan Mccormick26.81085.75181098.75201084.35201212.31286.02023-065160.01,,,,,,,,,,,,,
Elo Rank,Player,Age,Elo,hElo Rank,hElo,cElo Rank,cElo,gElo Rank,gElo,Peak Elo,Peak Month,ATP Rank,Log diff
1,Jannik Sinner,24.6,2317.9,1,2262.3,2,2166.3,2,2087.4,2329.6,2025-01,1,0
2,Carlos Alcaraz,22.9,2270.9,2,2197.8,1,2215.7,1,2138.8,2308.5,2026-03,2,0
3,Novak Djokovic,38.7,2099.6,3,2051.8,4,2002.2,3,1955.0,2463.2,2016-05,4,-0.29
4,Alexander Zverev,28.9,2075.6,4,2029.4,3,2010.5,5,1892.7,2176.5,2022-01,3,0.29
5,Alex De Minaur,27.1,2007.1,6,1958.6,8,1900.7,9,1839.4,2053.1,2024-06,7,-0.34
6,Daniil Medvedev,30.1,2005.6,5,1976.4,7,1917.5,6,1881.9,2201.2,2022-01,10,-0.51
7,Felix Auger Aliassime,25.6,1997.2,7,1951.8,14,1869.5,10,1799.9,2062.7,2022-10,5,0.34
8,Taylor Fritz,28.3,1980.4,9,1924.2,13,1872.7,4,1914.3,2070.2,2025-09,8,0
9,Arthur Fils,21.7,1976.2,8,1927.5,11,1894.1,17,1774.2,1993.9,2026-03,30,-1.20
10,Lorenzo Musetti,24.0,1965.1,12,1901.7,5,1977.0,7,1848.6,2050.5,2025-05,9,0.11
11,Ben Shelton,23.4,1955.2,11,1919.0,17,1838.5,13,1793.2,2024.4,2025-08,6,0.61
12,Alexander Bublik,28.8,1953.0,19,1868.6,9,1900.5,8,1845.5,1988.6,2026-01,11,0.09
13,Tommy Paul,28.8,1945.1,18,1879.5,12,1891.3,18,1770.0,2028.8,2025-05,18,-0.33
14,Joao Fonseca,19.6,1942.8,10,1921.3,27,1800.3,35,1712.6,1992.5,2025-03,35,-0.92
15,Jiri Lehecka,24.4,1934.2,15,1888.4,26,1803.9,11,1799.6,1989.9,2025-10,13,0.14
16,Jack Draper,24.2,1929.3,16,1886.0,21,1815.1,19,1752.0,2103.8,2025-04,28,-0.56
17,Learner Tien,20.3,1927.3,13,1897.3,109,1633.4,39,1705.9,1977.4,2026-03,22,-0.26
18,Jakub Mensik,20.5,1927.2,14,1890.8,29,1794.1,28,1724.9,1969.6,2026-02,25,-0.33
19,Valentin Vacherot,27.3,1926.0,21,1864.0,38,1752.4,85,1617.0,1929.6,2026-04,17,0.11
20,Casper Ruud,27.2,1925.8,22,1860.0,6,1935.0,45,1686.1,2071.9,2022-05,12,0.51
21,Sebastian Korda,25.6,1923.6,17,1880.0,32,1784.9,12,1794.0,2020.7,2023-01,43,-0.72
22,Francisco Cerundolo,27.6,1904.4,20,1866.8,15,1867.7,49,1674.4,1961.6,2025-04,19,0.15
23,Rafael Jodar,19.5,1897.6,30,1822.2,20,1815.2,62,1648.8,1897.6,2026-03,55,-0.87
24,Raphael Collignon,24.2,1893.2,27,1836.7,30,1791.6,66,1644.1,1893.2,2026-04,65,-1.00
25,Alejandro Davidovich Fokina,26.7,1887.3,25,1839.4,22,1812.9,30,1721.5,1934.8,2025-07,23,0.08
26,Frances Tiafoe,28.1,1886.3,23,1845.6,23,1811.9,22,1744.0,1974.0,2023-06,20,0.26
27,Andrey Rublev,28.4,1879.2,26,1837.0,16,1847.8,14,1789.1,2122.1,2021-04,15,0.59
28,Ugo Humbert,27.7,1868.8,24,1843.8,48,1732.2,31,1720.5,2017.7,2024-03,34,-0.19
29,Alex Michelsen,21.5,1862.6,28,1828.9,83,1681.7,25,1728.9,1904.8,2025-01,36,-0.22
30,Tomas Machac,25.4,1858.1,29,1825.4,54,1725.4,40,1701.9,1972.7,2025-04,47,-0.45
31,Tomas Martin Etcheverry,26.7,1856.5,38,1787.9,28,1797.7,91,1607.6,1871.7,2023-05,29,0.07
32,Cameron Norrie,30.6,1855.4,32,1802.3,18,1828.5,21,1748.4,2028.6,2022-08,24,0.29
33,Stefanos Tsitsipas,27.6,1855.1,31,1813.6,10,1899.0,41,1701.6,2145.1,2021-05,67,-0.71
34,Karen Khachanov,29.8,1845.6,37,1791.6,19,1818.8,20,1750.9,2029.5,2018-10,14,0.89
35,Matteo Berrettini,29.9,1839.0,33,1801.2,31,1787.5,23,1742.8,2065.7,2022-07,91,-0.96
36,Tallon Griekspoor,29.7,1834.7,34,1799.2,35,1767.6,16,1774.5,1951.8,2025-06,32,0.12
37,Flavio Cobolli,23.9,1831.1,41,1777.0,25,1807.3,26,1727.8,1895.6,2025-07,16,0.84
38,Gael Monfils,39.5,1824.7,36,1794.2,71,1701.3,55,1662.5,2087.1,2016-10,200,-1.66
39,Corentin Moutet,26.9,1819.7,46,1764.3,39,1746.4,27,1726.1,1881.9,2025-10,31,0.23
40,Jaume Munar,28.7,1819.1,44,1769.6,45,1737.6,65,1644.4,1830.4,2025-10,38,0.05
41,Brandon Nakashima,24.6,1819.0,39,1777.8,64,1715.4,24,1731.9,1909.5,2024-09,33,0.22
42,Arthur Rinderknech,30.7,1818.8,45,1767.0,50,1729.6,42,1689.6,1871.8,2025-10,26,0.48
43,Marin Cilic,37.5,1817.2,43,1769.8,55,1724.4,15,1779.4,2100.4,2010-02,48,-0.11
44,Yibing Wu,26.4,1816.5,40,1777.6,77,1685.1,98,1594.8,1882.9,2023-03,102,-0.84
45,Alejandro Tabilo,28.8,1815.9,52,1748.2,34,1773.1,37,1706.4,1895.7,2024-07,45,0
46,Denis Shapovalov,26.9,1814.2,35,1796.5,56,1722.3,59,1652.6,1983.2,2020-01,39,0.17
47,Zizou Bergs,26.8,1812.4,49,1759.2,73,1697.0,51,1669.6,1859.2,2025-03,40,0.16
48,Eliot Spizzirri,24.1,1810.3,42,1772.1,141,1596.1,71,1637.2,1835.5,2026-02,85,-0.57
49,Alexander Blockx,20.9,1806.8,54,1743.8,99,1654.3,63,1648.5,1818.2,2026-01,71,-0.37
50,Grigor Dimitrov,34.8,1798.9,48,1763.3,51,1727.2,50,1673.7,2111.5,2014-08,135,-0.99
51,Ethan Quinn,22.0,1797.3,47,1763.8,66,1714.6,64,1646.7,1842.9,2026-03,50,0.02
52,Hubert Hurkacz,29.1,1795.7,63,1725.2,40,1743.6,33,1714.7,2022.5,2024-06,63,-0.19
53,Reilly Opelka,28.5,1793.7,50,1756.1,68,1703.9,58,1656.9,1927.5,2022-04,68,-0.25
54,Yannick Hanfmann,34.3,1793.7,62,1727.1,36,1761.1,61,1649.1,1843.4,2023-06,51,0.06
55,Marcos Giron,32.6,1793.4,55,1741.9,91,1668.4,34,1713.5,1874.1,2025-03,75,-0.31
56,Arthur Cazaux,23.5,1792.9,56,1737.6,69,1702.8,57,1658.7,1811.9,2025-10,70,-0.22
57,Mariano Navone,25.0,1787.6,89,1675.6,33,1780.0,129,1558.6,1875.9,2024-04,44,0.26
58,Fabian Marozsan,26.4,1783.8,53,1746.4,53,1726.2,101,1593.1,1867.2,2024-04,42,0.32
59,Holger Rune,22.4,1781.9,51,1749.5,37,1753.7,68,1640.9,2082.0,2023-05,27,0.78
60,Marton Fucsovics,34.1,1781.9,59,1732.2,59,1720.7,29,1722.7,1924.2,2021-03,54,0.11
61,Luciano Darderi,24.1,1780.1,110,1651.1,24,1808.1,103,1591.2,1857.0,2024-06,21,1.07
62,Lorenzo Sonego,30.6,1779.1,60,1731.4,75,1691.5,46,1680.5,1895.3,2021-05,66,-0.06
63,Jordan Thompson,31.7,1772.4,58,1732.6,132,1604.6,36,1708.7,1891.2,2024-12,143,-0.82
64,Dino Prizmic,20.6,1771.0,72,1698.2,46,1733.4,114,1581.6,1783.6,2025-09,87,-0.31
65,Sebastian Baez,25.2,1770.8,67,1714.6,47,1733.4,140,1551.9,1941.4,2022-07,57,0.13
66,Hamad Medjedovic,22.6,1769.3,69,1708.5,41,1743.5,84,1617.3,1844.2,2025-04,88,-0.29
67,Botic Van De Zandschulp,30.4,1768.1,64,1723.1,65,1715.0,92,1605.0,1938.0,2022-09,49,0.31
68,Pablo Carreno Busta,34.6,1766.8,61,1727.2,44,1738.3,116,1581.1,2005.1,2021-08,94,-0.32
69,Jenson Brooksby,25.4,1762.2,66,1716.1,81,1683.2,44,1688.5,2005.3,2022-03,62,0.11
70,Kamil Majchrzak,30.2,1762.1,65,1719.9,61,1716.2,53,1666.7,1813.1,2025-10,72,-0.03
71,Toby Samuel,23.5,1755.4,57,1733.7,130,1604.8,115,1581.6,1787.0,2026-04,163,-0.83
72,Zachary Svajda,23.3,1748.0,70,1705.0,183,1530.9,32,1716.2,1794.0,2026-02,84,-0.15
73,Gabriel Diallo,24.5,1748.0,74,1694.3,79,1683.5,48,1679.2,1889.2,2025-06,37,0.68
74,Juncheng Shang,21.0,1745.8,71,1698.4,107,1640.2,60,1650.8,1895.7,2024-09,263,-1.27
75,Roberto Bautista Agut,37.9,1744.7,76,1690.5,70,1701.3,38,1706.4,2033.8,2016-02,93,-0.22
76,Roman Andres Burruchaga,24.1,1743.3,175,1560.8,49,1729.7,105,1587.3,1749.7,2026-03,61,0.22
77,Benjamin Bonzi,29.8,1742.4,68,1709.6,127,1608.9,69,1640.4,1835.8,2022-06,106,-0.32
78,Camilo Ugo Carabelli,26.7,1742.1,122,1633.0,42,1741.9,208,1487.7,1771.9,2025-05,64,0.20
79,Alexei Popyrin,26.6,1741.4,84,1680.6,43,1741.4,86,1614.9,1902.2,2024-10,59,0.29
80,Borna Coric,28.7,1740.9,80,1686.4,52,1726.3,73,1633.5,2011.6,2019-01,227,-1.04
81,Alexandre Muller,29.1,1737.3,98,1666.7,60,1719.2,138,1552.7,1801.7,2025-05,95,-0.16
82,Daniel Merida Aguilar,21.5,1734.5,94,1671.0,92,1666.5,125,1567.2,1752.6,2026-03,104,-0.24
83,Miomir Kecmanovic,26.5,1734.2,75,1691.9,76,1688.2,78,1628.8,1900.6,2022-04,58,0.36
84,Luca Van Assche,21.9,1733.8,73,1697.7,101,1650.6,121,1571.8,1801.5,2023-04,100,-0.17
85,Martin Landaluce,20.2,1732.1,78,1687.5,128,1607.5,54,1664.4,1742.4,2026-04,101,-0.17
86,Michael Zheng,22.0,1727.2,79,1687.5,242,1473.6,145,1544.2,1777.3,2025-09,152,-0.57
87,Zhizhen Zhang,29.4,1725.8,99,1664.0,58,1720.8,87,1613.9,1830.9,2024-09,242,-1.02
88,Kei Nishikori,36.2,1724.1,81,1685.4,118,1620.9,95,1596.2,2194.2,2016-08,462,-1.66
89,Ignacio Buse,22.0,1722.1,128,1611.7,63,1715.8,158,1534.5,1834.0,2025-09,60,0.39
90,Terence Atmane,24.2,1721.4,83,1682.5,115,1622.7,141,1550.6,1760.2,2025-09,41,0.79
91,Arthur Fery,23.7,1721.0,82,1684.7,207,1511.3,169,1518.9,1751.3,2026-03,162,-0.58
92,Alexander Shevchenko,25.3,1719.7,97,1667.8,95,1662.7,192,1502.6,1792.0,2024-02,74,0.22
93,Mattia Bellucci,24.8,1719.6,87,1677.5,125,1613.8,72,1634.0,1814.3,2024-10,78,0.18
94,Giovanni Mpetshi Perricard,22.6,1718.7,100,1662.3,93,1664.8,67,1641.7,1862.8,2024-12,53,0.57
95,Soon Woo Kwon,28.2,1718.6,85,1680.1,126,1612.4,109,1583.3,1830.7,2023-01,335,-1.26
96,Pablo Llamas Ruiz,23.4,1718.4,130,1611.2,67,1711.7,142,1550.4,1742.5,2026-04,151,-0.45
97,Nuno Borges,29.1,1718.3,77,1688.8,84,1680.9,100,1593.5,1843.6,2025-03,52,0.62
98,Zsombor Piros,26.4,1717.9,103,1657.7,86,1676.1,117,1580.9,1731.0,2023-04,144,-0.38
99,Rinky Hijikata,25.0,1715.3,86,1677.6,193,1524.4,83,1617.9,1744.9,2025-01,103,-0.04
100,Nishesh Basavareddy,20.9,1703.6,92,1671.6,192,1525.1,157,1535.2,1856.6,2025-01,174,-0.55
101,Matteo Arnaldi,25.1,1702.9,95,1668.8,62,1716.0,139,1552.7,1902.9,2024-06,105,-0.04
102,Otto Virtanen,24.7,1702.4,90,1672.5,194,1523.9,43,1688.7,1768.8,2024-03,130,-0.24
103,Titouan Droguet,24.7,1698.3,116,1640.7,74,1693.9,102,1592.3,1722.4,2025-07,114,-0.10
104,Cristian Garin,29.8,1697.0,156,1587.2,72,1700.8,74,1632.4,1889.6,2019-04,83,0.23
105,Quentin Halys,29.4,1696.3,91,1671.6,108,1640.0,77,1629.6,1811.4,2023-04,90,0.15
106,Borna Gojo,28.0,1695.7,96,1668.6,97,1656.7,219,1474.6,1800.2,2023-10,137,-0.26
107,Roman Safiullin,28.6,1695.4,88,1676.3,96,1658.3,110,1582.9,1911.3,2024-01,226,-0.75
108,Sebastian Ofner,29.8,1694.8,112,1645.6,88,1674.5,79,1626.0,1812.7,2024-01,86,0.23
109,Jan Lennard Struff,35.9,1694.1,121,1634.2,80,1683.5,82,1620.4,1935.1,2024-07,81,0.30
110,Stan Wawrinka,41.0,1693.1,93,1671.4,111,1631.9,94,1597.4,2145.5,2016-01,107,0.03
111,Daniel Altmaier,27.5,1692.3,123,1630.7,78,1685.0,151,1538.9,1789.1,2021-08,56,0.68
112,Adolfo Daniel Vallejo,21.9,1691.4,221,1495.4,90,1671.0,96,1595.7,1741.2,2026-03,97,0.14
113,David Goffin,35.3,1690.2,118,1638.2,87,1675.9,56,1661.9,2048.7,2017-04,179,-0.46
114,Vit Kopriva,28.8,1689.3,113,1645.0,89,1671.9,119,1578.2,1760.5,2025-05,77,0.39
115,Yoshihito Nishioka,30.3,1688.7,101,1659.2,120,1618.3,149,1539.9,1884.7,2023-01,171,-0.40
116,Laslo Djere,30.6,1688.3,134,1608.7,57,1721.1,126,1566.7,1854.6,2023-09,214,-0.61
117,Andrea Vavassori,30.7,1688.1,106,1655.0,106,1640.8,154,1538.1,1734.8,2023-04,616,-1.66
118,Chris Rodesch,24.7,1687.4,104,1656.1,144,1593.6,88,1613.5,1768.5,2026-02,145,-0.21
119,Juan Manuel Cerundolo,24.3,1687.0,138,1605.8,85,1678.5,242,1460.8,1774.8,2021-10,69,0.55
120,Adrian Mannarino,37.7,1685.8,107,1653.6,208,1509.2,52,1666.8,1896.3,2018-01,46,0.96
121,Lloyd Harris,29.0,1684.5,111,1650.1,155,1576.9,70,1639.2,1896.0,2021-10,153,-0.23
122,Jason Kubler,32.7,1684.5,120,1635.3,122,1615.7,47,1679.3,1790.0,2022-07,233,-0.65
123,Hugo Gaston,25.5,1684.1,102,1659.0,116,1622.4,127,1566.2,1795.1,2021-11,116,0.06
124,Francisco Comesana,25.4,1682.5,119,1635.7,102,1650.5,137,1554.2,1761.9,2025-08,92,0.30
125,Dalibor Svrcina,23.4,1679.7,114,1644.3,145,1592.7,186,1508.8,1712.9,2025-04,128,-0.02
126,Mackenzie Mcdonald,30.9,1678.4,117,1640.5,172,1548.3,97,1595.6,1847.6,2023-03,123,0.02
127,Thiago Agustin Tirante,24.9,1675.8,139,1603.5,103,1648.4,164,1526.4,1707.7,2025-08,73,0.55
128,Pavel Kotov,27.3,1672.9,108,1653.3,142,1595.3,148,1540.5,1797.1,2024-05,262,-0.72
129,Alex Molcan,28.3,1671.9,125,1617.3,105,1645.9,118,1580.6,1872.5,2022-07,166,-0.25
130,Marco Trungelliti,36.1,1671.9,204,1518.7,82,1682.1,191,1503.8,1693.1,2018-07,79,0.50
131,Christopher Oconnell,31.8,1671.3,105,1656.0,139,1597.4,150,1539.7,1814.1,2025-03,141,-0.07
132,Emilio Nava,24.3,1668.5,140,1603.3,117,1621.8,131,1558.0,1738.2,2025-09,112,0.16
133,Valentin Royer,24.8,1664.9,144,1597.1,112,1624.2,90,1608.2,1800.2,2025-10,76,0.56
134,Kyrian Jacquet,24.8,1663.6,109,1652.2,170,1554.4,135,1554.6,1735.1,2025-02,149,-0.11
135,Arthur Gea,21.2,1663.6,115,1643.1,153,1583.2,160,1531.8,1722.1,2026-03,138,-0.02
136,Damir Dzumhur,33.8,1660.2,137,1606.6,98,1654.8,146,1543.4,1895.8,2017-09,82,0.51
137,Coleman Wong,21.8,1659.6,126,1614.9,256,1458.3,165,1526.2,1730.8,2026-02,121,0.12
138,Leandro Riedi,24.1,1654.5,132,1610.2,171,1549.7,81,1625.0,1823.3,2023-01,169,-0.20
139,Jack Pinnington Jones,23.0,1647.7,149,1592.8,190,1525.4,76,1631.3,1685.0,2026-02,133,0.04
140,Sho Shimabukuro,28.6,1646.0,136,1608.0,200,1514.9,106,1586.1,1692.5,2023-09,110,0.24
141,Nikoloz Basilashvili,34.1,1645.6,145,1595.4,135,1601.4,89,1610.4,1889.8,2019-01,118,0.18
142,Adam Walton,26.9,1643.0,131,1611.0,246,1469.5,204,1491.0,1747.1,2025-04,109,0.26
143,Patrick Kypson,26.4,1640.9,129,1611.4,174,1546.4,210,1482.7,1732.4,2026-01,96,0.40
144,Nicolas Jarry,30.4,1640.9,167,1569.9,110,1633.3,75,1631.5,1903.0,2023-10,155,-0.07
145,Michael Mmoh,28.1,1639.0,135,1608.6,184,1529.4,156,1536.3,1762.3,2017-02,264,-0.60
146,Aleksandar Kovacevic,27.5,1638.2,127,1612.0,232,1483.6,198,1495.0,1758.8,2024-04,99,0.39
147,Martin Damm,22.5,1635.8,124,1621.9,346,1371.8,80,1626.0,1767.9,1999-11,124,0.17
148,Joel Schwaerzler,20.1,1635.6,182,1548.8,133,1601.9,172,1517.8,1650.7,2026-03,173,-0.16
149,Jerome Kym,23.0,1633.9,133,1608.9,156,1576.6,199,1494.6,1738.0,2024-10,170,-0.13
150,Tomas Barrios Vera,28.3,1633.5,173,1561.6,121,1617.9,107,1584.9,1710.3,2023-07,120,0.22
151,Giulio Zeppieri,24.2,1632.6,147,1594.3,159,1575.6,108,1584.2,1691.2,2022-07,167,-0.10
152,Rei Sakamoto,19.7,1631.9,143,1601.6,214,1499.9,174,1515.9,1676.6,2026-02,161,-0.06
153,Roberto Carballes Baena,33.0,1629.5,152,1591.1,124,1614.7,190,1504.5,1788.1,2024-07,202,-0.28
154,Liam Broady,32.2,1629.2,141,1602.4,223,1490.3,163,1527.6,1757.4,2022-03,250,-0.48
155,Gustavo Heide,24.1,1629.1,215,1502.7,114,1623.3,209,1484.0,1661.1,2024-07,210,-0.30
156,Nicolai Budkov Kjaer,19.5,1627.5,142,1601.6,148,1586.9,178,1513.5,1749.3,2025-10,139,0.12
157,Jesper De Jong,25.8,1626.4,171,1564.8,104,1647.3,201,1494.1,1741.0,2025-10,108,0.37
158,Francesco Passaro,25.1,1626.2,157,1578.6,123,1615.0,228,1469.5,1779.0,2022-08,147,0.07
159,Jacob Fearnley,24.6,1625.8,159,1577.8,100,1652.4,111,1581.9,1910.0,2024-10,98,0.48
160,Liam Draxl,24.3,1625.4,158,1578.3,188,1526.9,221,1473.4,1699.6,2025-07,157,0.02
161,Aleksandar Vukic,29.9,1625.0,146,1594.6,191,1525.1,123,1570.3,1773.3,2025-01,89,0.59
162,Dusan Lajovic,35.7,1624.2,176,1560.7,136,1601.4,206,1489.6,1854.6,2018-10,134,0.19
163,Fabio Fognini,38.1,1622.9,169,1568.7,119,1620.0,136,1554.3,2003.8,2014-04,,
164,Jurij Rodionov,26.8,1622.4,160,1577.1,154,1580.4,162,1527.8,1702.1,2023-06,164,0
165,James Duckworth,34.1,1622.2,154,1589.0,181,1531.5,132,1558.0,1785.9,2021-11,80,0.72
166,Luca Nardi,22.6,1622.0,153,1590.3,160,1573.5,265,1447.2,1724.6,2024-04,140,0.17
167,Clement Chidekh,24.8,1621.8,151,1592.1,295,1422.5,181,1510.9,1695.5,2024-03,176,-0.05
168,Ilia Simakin,22.4,1620.4,148,1593.4,301,1420.2,184,1510.2,1679.7,2026-02,219,-0.27
169,Bu Yunchaokete,24.1,1618.1,164,1576.2,158,1575.7,257,1451.2,1834.9,2024-09,175,-0.03
170,Jaime Faria,22.6,1618.0,179,1556.5,151,1584.5,122,1571.0,1692.5,2024-05,142,0.18
171,Harry Wendelken,24.2,1617.1,150,1592.8,303,1418.6,239,1461.3,1641.5,2026-04,223,-0.27
172,Harold Mayot,23.9,1614.7,161,1576.8,146,1591.4,168,1521.5,1701.9,2024-06,183,-0.06
173,Francesco Maestrelli,23.2,1611.8,155,1587.7,175,1546.4,256,1451.4,1711.4,2022-07,113,0.43
174,Pedro Martinez,28.9,1611.7,170,1568.0,140,1597.0,234,1467.3,1844.3,2022-04,125,0.33
175,Dhakshineswar Suresh,25.8,1610.6,172,1563.4,309,1415.3,189,1505.3,1616.6,2025-10,463,-0.97
176,Daniel Evans,35.6,1610.4,165,1573.1,185,1527.5,93,1603.0,1902.5,2021-04,201,-0.13
177,Stefanos Sakellaridis,21.5,1610.4,180,1555.9,150,1585.1,134,1555.2,1624.3,2026-04,212,-0.18
178,Carlos Taberner,28.4,1610.3,274,1445.0,131,1604.7,289,1433.4,1725.0,2021-10,119,0.40
179,Hugo Dellien,32.8,1610.2,245,1472.1,138,1597.6,235,1465.9,1779.8,2022-05,156,0.14
180,Henrique Rocha,21.9,1607.0,192,1540.0,143,1593.9,185,1509.4,1650.1,2026-03,126,0.36
181,Emil Ruusuvuori,26.6,1606.1,162,1576.8,165,1558.3,120,1576.4,1893.2,2023-06,720,-1.38
182,Vilius Gaubas,21.2,1606.1,166,1572.1,161,1570.6,147,1541.8,1718.5,2025-05,122,0.40
183,Alex Bolt,33.2,1604.5,186,1546.7,283,1429.2,104,1587.6,1688.9,2019-03,154,0.17
184,Jan Choinski,29.8,1604.4,199,1530.4,129,1606.6,323,1418.1,1669.3,2025-11,117,0.45
185,Stefano Travaglia,34.2,1603.9,181,1555.8,162,1568.2,230,1468.9,1793.8,2021-02,136,0.31
186,Lukas Klein,27.8,1601.1,197,1535.1,113,1623.9,133,1557.2,1777.5,2024-03,158,0.16
187,Yosuke Watanuki,27.8,1598.4,177,1559.4,157,1576.1,128,1566.1,1798.2,2023-05,239,-0.25
188,Stefan Dostanic,24.4,1592.8,188,1545.2,221,1493.0,196,1496.4,1604.9,2026-04,270,-0.36
189,Pierre Hugues Herbert,35.0,1592.3,168,1569.2,209,1506.5,143,1546.1,1867.9,2019-06,224,-0.17
190,Matteo Gigante,23.7,1591.8,198,1533.6,137,1598.0,246,1457.1,1709.5,2025-05,192,-0.01
191,Facundo Bagnis,35.5,1590.7,210,1512.9,152,1583.8,426,1363.2,1737.0,2021-07,400,-0.74
192,Alexis Galarneau,27.0,1588.9,178,1558.3,254,1459.3,179,1513.3,1631.5,2024-04,203,-0.06
193,Mark Lajal,22.7,1588.4,184,1547.6,225,1489.5,113,1581.8,1685.3,2025-07,165,0.16
194,Filip Misolic,24.5,1587.2,248,1469.3,94,1663.9,161,1531.3,1829.4,2025-07,111,0.56
195,Facundo Diaz Acosta,25.3,1586.2,231,1485.9,149,1586.1,300,1429.1,1791.9,2024-02,178,0.09
196,Alejandro Moro Canas,25.3,1585.0,183,1548.0,173,1547.9,175,1515.9,1673.5,2024-07,234,-0.18
197,Nicolas Moreno De Alboran,28.7,1583.8,174,1561.6,179,1537.8,197,1495.2,1687.7,2024-11,537,-1.00
198,Ugo Blanchet,27.2,1581.6,163,1576.3,230,1485.7,232,1468.4,1662.1,2025-08,160,0.21
199,Nicolas Mejia,26.1,1580.8,223,1493.8,147,1589.0,205,1490.4,1580.8,2026-03,150,0.28
200,Mikhail Kukushkin,38.2,1577.1,185,1547.2,182,1531.1,144,1545.8,1864.2,2010-10,283,-0.35
201,Thiago Monteiro,31.7,1577.0,195,1537.3,163,1566.0,218,1475.3,1748.2,2024-05,278,-0.32
202,Daniil Glinka,25.9,1576.7,190,1540.6,180,1534.4,153,1538.4,1687.5,2026-02,177,0.13
203,Federico Coria,33.9,1576.6,249,1469.0,168,1555.0,377,1390.0,1754.4,2021-07,826,-1.40
204,Dane Sweeny,25.0,1575.7,187,1546.1,373,1353.1,294,1431.6,1645.7,2026-02,132,0.44
205,Hugo Grenier,29.9,1573.1,196,1535.7,272,1438.1,226,1470.6,1734.0,2022-09,209,-0.02
206,Marko Topo,22.4,1570.7,200,1527.0,197,1518.1,200,1494.6,1663.9,2022-04,260,-0.23
207,Elias Ymer,29.8,1569.5,194,1538.1,199,1515.1,170,1518.6,1751.8,2015-06,172,0.19
208,Tristan Schoolkate,25.0,1568.5,201,1526.1,297,1421.7,124,1570.1,1703.1,2025-07,115,0.59
209,Marco Cecchinato,33.5,1562.3,278,1439.4,177,1544.2,295,1431.4,1838.6,2018-07,186,0.12
210,Andrea Pellegrino,29.0,1560.3,361,1365.1,164,1560.8,350,1402.0,1644.1,2025-06,131,0.47
211,Albert Ramos,37.7,1557.7,203,1520.0,189,1526.1,311,1424.1,1889.0,2017-04,481,-0.82
212,Luka Mikrut,21.8,1556.5,296,1422.9,134,1601.7,212,1478.2,1735.4,2025-10,180,0.16
213,Cedrik Marcel Stebe,35.3,1556.4,202,1523.2,176,1544.9,236,1463.3,1824.7,2017-09,329,-0.43
214,Darwin Blanch,18.5,1556.2,234,1485.6,237,1478.3,213,1478.1,1566.0,2026-04,246,-0.14
215,Tom Gentzsch,22.5,1552.3,233,1485.6,210,1506.0,215,1476.2,1583.7,2026-03,231,-0.07
216,Moise Kouame,17.0,1552.2,189,1541.3,359,1362.0,216,1476.1,1572.6,2026-03,339,-0.45
217,Dominic Stricker,23.6,1550.6,206,1517.4,211,1504.7,152,1538.8,1798.6,2021-06,302,-0.33
218,Rio Noguchi,27.2,1550.1,207,1517.3,405,1322.7,297,1430.0,1572.5,2026-03,215,0.01
219,Chun Hsin Tseng,24.6,1549.5,226,1492.7,167,1556.0,347,1402.9,1715.6,2022-04,159,0.32
220,Federico Cina,19.0,1545.0,191,1540.6,233,1482.3,223,1472.5,1644.2,2025-06,204,0.08
221,Elmer Moller,22.7,1544.4,265,1451.6,178,1540.0,193,1501.3,1741.1,2025-04,129,0.54
222,Remy Bertola,27.5,1542.7,211,1509.6,282,1429.4,224,1471.3,1580.9,2026-01,199,0.11
223,Trevor Svajda,19.8,1541.9,213,1506.8,338,1380.9,225,1470.9,1625.4,2025-09,393,-0.57
224,Clement Tabur,26.1,1539.0,193,1538.9,263,1448.3,280,1439.0,1601.7,2026-03,196,0.13
225,Stefano Napolitano,30.9,1537.9,254,1467.7,187,1527.0,207,1487.8,1662.1,2024-05,240,-0.06
226,Mili Poljicak,21.6,1537.4,402,1329.8,195,1519.3,290,1432.9,1537.4,2026-03,310,-0.32
227,Brandon Holt,27.7,1536.8,212,1507.1,370,1353.7,187,1507.0,1725.5,2025-02,256,-0.12
228,Ilya Ivashka,32.0,1534.0,214,1503.0,169,1554.6,176,1514.4,1922.5,2021-09,683,-1.10
229,Gilles Arnaud Bailly,20.4,1533.8,232,1485.9,213,1500.2,173,1516.9,1665.9,2026-01,206,0.11
230,Kimmer Coppejans,32.1,1532.3,257,1463.4,205,1513.4,260,1449.6,1697.0,2015-04,230,0
231,Colton Smith,23.0,1530.6,205,1517.5,312,1413.4,159,1534.2,1837.6,2025-06,189,0.20
232,Ricardas Berankis,35.1,1529.4,230,1490.1,186,1527.5,182,1510.6,1842.4,2011-02,618,-0.98
233,Luka Pavlovic,25.9,1529.3,244,1473.3,229,1486.2,203,1492.5,1635.0,2025-07,221,0.05
234,Alexander Ritschard,31.7,1528.0,262,1454.4,166,1557.1,229,1469.4,1695.9,2024-07,568,-0.89
235,Thiago Seyboth Wild,25.9,1527.8,209,1514.0,204,1513.4,217,1476.0,1793.4,2024-05,251,-0.07
236,Lukas Neumayer,23.5,1527.3,286,1433.4,196,1518.2,319,1419.2,1600.2,2025-06,193,0.20
237,Oliver Tarvet,22.0,1526.2,240,1478.5,206,1513.1,99,1594.6,1735.2,2025-08,333,-0.34
238,Bernard Tomic,33.3,1523.6,237,1481.4,265,1446.2,155,1536.5,1947.4,2015-03,191,0.22
239,Christopher Eubanks,29.4,1523.4,225,1493.0,310,1414.6,166,1524.2,1864.8,2023-07,598,-0.92
240,Timofey Skatov,25.2,1523.3,250,1469.0,203,1513.7,220,1473.7,1672.0,2024-07,195,0.21
241,Maxim Mrva,18.6,1523.0,208,1514.8,279,1431.2,180,1511.5,1619.4,2025-03,303,-0.23
242,Billy Harris,31.1,1522.5,238,1479.8,307,1415.6,177,1513.6,1711.4,2024-06,148,0.49
243,Lautaro Midon,22.0,1518.9,270,1447.8,217,1498.3,244,1459.4,1539.9,2026-04,216,0.12
244,Gregoire Barrere,31.5,1517.8,222,1494.5,222,1490.7,171,1518.2,1804.5,2020-02,850,-1.25
245,Igor Ribeiro Marcondes,28.7,1517.1,288,1429.3,212,1504.7,245,1458.5,1649.4,2026-01,293,-0.18
246,James Mccabe,22.6,1514.7,243,1474.5,410,1320.8,188,1506.4,1584.1,2025-03,235,0.05
247,Taro Daniel,33.1,1512.4,229,1491.3,245,1472.2,251,1453.9,1766.8,2023-04,349,-0.35
248,Yasutaka Uchiyama,33.6,1510.4,239,1479.0,347,1371.3,274,1441.2,1727.5,2019-10,279,-0.12
249,Vitaliy Sachko,28.7,1509.7,280,1438.0,224,1490.3,352,1401.6,1643.5,2023-07,208,0.18
250,Rodrigo Pacheco Mendez,20.9,1509.5,241,1478.5,276,1434.6,248,1454.8,1522.1,2026-03,265,-0.06
251,Frederico Ferreira Silva,31.0,1509.1,216,1498.7,273,1437.6,214,1476.8,1642.4,2021-05,241,0.04
252,Edas Butvilas,21.7,1508.5,218,1497.2,317,1409.4,281,1438.2,1672.0,2024-09,266,-0.05
253,Gonzalo Bueno,22.0,1508.4,410,1322.8,216,1499.0,250,1454.2,1602.2,2025-11,187,0.30
254,Shintaro Mochizuki,22.7,1508.2,277,1441.7,234,1480.6,112,1581.9,1714.9,2025-10,127,0.69
255,Marc Andrea Huesler,29.7,1508.1,227,1491.6,228,1487.4,231,1468.6,1817.0,2023-02,340,-0.29
256,Daniel Elahi Galan,29.7,1507.1,235,1485.6,240,1474.0,211,1480.6,1757.5,2022-09,245,0.04
257,Andres Andrade,27.3,1506.8,276,1443.9,241,1473.9,252,1453.4,1584.8,2024-08,217,0.17
258,Juan Carlos Prado Angelo,21.0,1506.2,339,1383.6,201,1514.4,253,1453.1,1611.6,2025-10,197,0.27
259,Alvaro Guillen Meza,23.2,1505.5,444,1289.9,220,1493.8,291,1432.7,1627.0,2025-11,225,0.14
260,Arthur Bouquier,25.1,1505.4,236,1482.0,392,1332.6,276,1440.2,1732.0,2025-03,596,-0.83
261,Tristan Boyer,24.8,1504.7,219,1496.9,249,1462.2,309,1424.7,1753.1,2025-01,243,0.07
262,Henri Squire,25.4,1504.5,261,1456.0,218,1498.0,420,1365.7,1670.0,2024-06,254,0.03
263,Pedro Boscardin Dias,23.1,1504.5,449,1284.5,215,1499.1,255,1452.3,1517.9,2026-04,229,0.14
264,Hynek Barton,22.0,1501.7,242,1475.1,260,1452.7,258,1450.8,1544.9,2025-07,296,-0.11
265,Gianluca Cadenasso,21.5,1500.9,373,1360.5,236,1479.5,259,1450.5,1561.6,2026-03,,
266,Mitchell Krueger,32.2,1499.2,252,1467.9,255,1458.6,270,1442.8,1653.6,2022-04,271,-0.02
267,Alex Barrena,23.4,1498.7,413,1317.5,219,1494.1,263,1449.3,1596.1,2025-07,168,0.46
268,Li Tu,29.8,1498.6,260,1458.5,298,1421.7,167,1521.8,1633.5,2022-10,381,-0.35
269,Hayato Matsuoka,21.2,1497.1,246,1471.4,362,1358.5,264,1448.5,1542.5,2026-03,366,-0.31
270,Johannus Monday,24.0,1497.1,247,1469.6,363,1358.5,361,1398.7,1559.8,2026-01,272,-0.01
271,Yu Hsiou Hsu,26.9,1497.0,251,1468.3,340,1378.5,456,1349.9,1648.0,2023-11,213,0.24
272,Matej Dodig,20.6,1493.5,295,1423.0,244,1472.7,266,1446.7,1601.7,2024-09,205,0.28
273,Norbert Gombos,35.6,1493.2,259,1462.8,231,1485.7,303,1428.1,1753.2,2020-11,341,-0.22
274,Genaro Alberto Olivieri,27.6,1491.9,377,1355.1,239,1474.7,414,1370.9,1585.6,2023-07,198,0.32
275,Yi Zhou,21.0,1491.4,253,1467.9,387,1337.5,267,1445.7,1610.1,2026-01,220,0.22
276,Alibek Kachmazov,23.4,1490.4,256,1466.5,327,1396.4,262,1449.5,1637.5,2025-04,512,-0.62
277,Zdenek Kolar,29.4,1490.1,293,1423.5,227,1487.9,272,1441.7,1621.1,2021-09,182,0.42
278,Duje Ajdukovic,25.1,1489.5,255,1466.6,238,1475.8,440,1358.7,1687.6,2024-09,287,-0.03
279,Oleg Prihodko,28.3,1489.5,266,1450.3,294,1423.1,268,1444.8,1514.0,2021-12,362,-0.26
280,Felix Gill,23.7,1488.7,217,1498.5,319,1403.3,443,1356.4,1531.5,2026-02,228,0.21
281,Juan Pablo Varillas,30.4,1488.2,342,1380.9,235,1480.3,409,1372.2,1730.0,2021-10,295,-0.05
282,Guy Den Ouden,23.9,1488.1,394,1334.9,198,1516.1,346,1404.4,1722.8,2025-08,181,0.44
283,Daniel Rincon,23.2,1487.4,220,1496.7,291,1424.2,450,1354.0,1613.8,2023-09,282,0
284,Sumit Nagal,28.5,1487.3,269,1448.1,226,1488.0,400,1376.1,1745.2,2019-09,292,-0.03
285,Jay Dylan Hara Friend,22.1,1484.6,258,1462.9,380,1347.1,271,1442.3,1581.8,2025-10,430,-0.41
286,Mika Brunold,21.3,1479.3,268,1450.0,304,1416.6,278,1439.6,1510.9,2025-07,385,-0.30
287,Mees Rottgering,18.5,1478.6,263,1454.4,267,1444.1,222,1472.7,1495.6,2026-02,476,-0.51
288,Felipe Meligeni Alves,28.1,1477.4,297,1421.9,247,1468.5,195,1497.2,1695.3,2023-10,799,-1.02
289,Murphy Cassone,23.5,1477.2,272,1447.0,382,1342.7,314,1422.7,1684.9,2025-02,253,0.13
290,Kenta Miyoshi,21.6,1475.6,273,1446.7,378,1347.8,282,1437.8,1512.8,2025-11,634,-0.78
291,Sascha Gueymard Wayenburg,22.6,1475.1,291,1424.7,259,1453.6,351,1402.0,1563.9,2025-01,267,0.09
292,Raul Brancaccio,28.9,1475.1,310,1413.2,253,1460.9,338,1407.1,1644.9,2023-01,252,0.15
293,Filippo Romano,20.6,1474.8,228,1491.5,393,1331.4,284,1437.4,1531.6,2026-03,382,-0.27
294,Moez Echargui,33.2,1474.5,281,1437.1,320,1402.4,286,1437.3,1647.0,2025-09,146,0.70
295,Petr Brunclik,19.6,1474.5,285,1433.7,332,1389.3,285,1437.3,1538.3,2025-11,314,-0.06
296,Enrico Dalla Valle,27.9,1472.9,336,1390.6,261,1450.7,287,1436.5,1543.6,2024-07,488,-0.50
297,Jozef Kovalik,32.8,1472.8,300,1421.1,248,1465.6,404,1374.3,1721.8,2018-07,791,-0.98
298,Nerman Fatic,31.4,1472.6,319,1405.5,251,1462.0,249,1454.6,1584.4,2023-07,237,0.23
299,George Loffhagen,24.9,1472.5,267,1450.1,409,1321.0,321,1418.5,1649.0,2025-07,248,0.19
300,Andrej Martin,36.4,1470.3,352,1372.9,266,1444.9,460,1347.5,1674.7,2014-08,422,-0.34
301,Federico Agustin Gomez,29.3,1467.4,305,1413.8,264,1446.3,273,1441.7,1668.6,2024-09,185,0.49
302,Hamish Stewart,26.3,1465.1,322,1403.2,383,1342.5,202,1493.8,1602.2,2025-08,406,-0.30
303,Hyeon Chung,29.7,1464.8,284,1434.9,202,1513.9,379,1388.3,1991.8,2018-03,548,-0.59
304,Justin Engel,18.4,1462.7,283,1436.2,360,1361.3,243,1460.4,1607.8,2025-11,184,0.50
305,Franco Agamenone,32.9,1461.3,378,1350.3,269,1442.1,438,1359.6,1707.6,2021-10,277,0.10
306,Radu Albot,36.2,1459.9,287,1432.5,258,1455.0,194,1498.8,1823.4,2019-05,455,-0.40
307,Pol Martin Tiffon,26.6,1459.0,224,1493.7,336,1384.1,365,1396.7,1549.2,2026-02,309,-0.01
308,Christoph Negritu,31.9,1458.7,294,1423.4,284,1428.7,299,1429.3,1540.2,2024-11,395,-0.25
309,Oliver Crawford,26.8,1458.7,301,1419.8,334,1387.7,233,1467.5,1580.7,2023-10,222,0.33
310,Guido Ivan Justo,28.3,1457.7,416,1314.5,262,1449.2,301,1428.9,1500.8,2026-02,261,0.17
311,Lorenzo Giustino,34.5,1457.4,275,1444.3,331,1390.9,482,1334.5,1643.8,2019-06,207,0.41
312,Javier Barranco Cosano,27.2,1457.4,326,1398.9,270,1441.3,292,1432.7,1581.0,2024-07,402,-0.25
313,Dan Added,26.9,1457.0,299,1421.4,394,1330.7,302,1428.5,1565.5,2025-11,218,0.36
314,Beibit Zhukayev,25.4,1456.9,320,1405.1,361,1358.5,183,1510.5,1640.2,2023-11,305,0.03
315,Juan Pablo Ficovich,29.1,1456.5,279,1439.4,296,1422.3,279,1439.5,1597.4,2020-10,190,0.51
316,Ivan Gakhov,29.3,1455.3,325,1399.2,318,1409.0,359,1399.2,1659.6,2023-05,268,0.16
317,Dimitar Kuzmanov,32.6,1455.0,282,1436.5,302,1418.8,315,1422.4,1640.1,2021-05,308,0.03
318,Lilian Marmousez,24.0,1454.4,329,1397.6,285,1428.3,304,1427.2,1522.8,2026-01,306,0.04
319,Mats Rosenkranz,27.4,1453.5,292,1424.3,411,1320.2,362,1398.4,1503.3,2025-10,316,0.01
320,Andrew Paulson,24.3,1452.4,375,1355.8,287,1426.8,305,1426.2,1560.3,2024-08,584,-0.60
321,Max Houkes,25.7,1452.3,429,1300.8,268,1443.9,371,1392.2,1481.3,2025-03,257,0.22
322,Gastao Elias,35.1,1451.8,298,1421.5,280,1429.9,405,1374.2,1737.5,2016-08,527,-0.49
323,Blake Ellis,27.2,1451.1,290,1424.8,390,1335.6,306,1425.6,1501.3,2026-03,531,-0.50
324,Marc Polmans,28.8,1451.0,303,1415.0,308,1415.4,240,1461.2,1618.1,2019-10,343,-0.06
325,Mert Alkaya,25.6,1449.7,289,1426.9,352,1367.5,308,1424.9,1482.9,2025-11,352,-0.08
326,Oriol Roca Batalla,32.9,1449.3,344,1379.6,292,1424.1,385,1385.8,1554.6,2024-06,379,-0.15
327,Facundo Mena,33.5,1447.6,366,1364.8,288,1426.5,378,1388.5,1616.9,2019-09,297,0.10
328,Inaki Montes De La Torre,23.4,1446.9,264,1452.6,408,1321.4,312,1423.4,1529.0,2025-02,365,-0.11
329,Karue Sell,31.7,1446.2,306,1413.5,314,1411.8,313,1423.1,1529.3,2024-10,653,-0.69
330,Jay Clarke,27.6,1445.7,304,1414.5,311,1414.1,465,1344.6,1617.4,2018-07,194,0.53
331,Gauthier Onclin,25.0,1445.7,330,1397.1,250,1462.2,310,1424.5,1591.3,2023-07,247,0.29
332,Calvin Hemery,31.1,1444.7,343,1380.4,257,1457.0,402,1374.5,1651.1,2015-06,355,-0.07
333,Ryan Peniston,30.2,1441.0,323,1402.0,367,1356.5,277,1440.0,1723.2,2022-06,291,0.13
334,Franco Roncadelli,26.1,1440.9,380,1349.4,293,1424.0,317,1420.4,1461.6,2026-03,276,0.19
335,Abedallah Shelbayh,22.3,1440.1,271,1447.1,401,1326.5,283,1437.7,1648.2,2024-02,298,0.12
336,Maks Kasnikowski,22.7,1439.5,331,1396.6,243,1472.8,227,1469.7,1652.1,2024-06,318,0.06
337,Stefan Kozlov,28.1,1439.2,307,1413.4,305,1416.1,318,1419.5,1724.4,2022-02,259,0.26
338,Aziz Dougaz,28.3,1438.8,313,1412.7,290,1425.7,375,1390.3,1555.3,2020-02,538,-0.46
339,Laurent Lokoli,31.4,1438.3,328,1398.5,271,1440.3,254,1452.5,1608.2,2023-07,426,-0.23
340,Michael Geerts,31.1,1438.2,302,1418.7,353,1367.0,427,1362.7,1540.6,2023-03,286,0.17
341,Alastair Gray,27.7,1437.7,321,1403.9,396,1328.8,380,1387.4,1526.5,2024-01,321,0.06
342,Andrea Collarini,34.1,1436.7,406,1327.4,299,1421.6,475,1338.7,1572.5,2019-09,236,0.37
343,August Holmgren,27.9,1436.3,337,1390.0,365,1357.9,130,1558.5,1677.9,2021-09,188,0.60
344,Tung Lin Wu,27.8,1435.8,316,1407.5,274,1436.0,397,1377.3,1605.0,2023-04,336,0.02
345,Antoine Escoffier,33.6,1435.7,308,1413.4,475,1258.4,434,1360.8,1628.4,2023-03,464,-0.30
346,Kilian Feldbausch,20.5,1435.7,421,1310.7,289,1426.2,324,1417.8,1499.1,2024-01,412,-0.17
347,Paul Jubb,26.4,1434.4,312,1412.8,384,1342.4,261,1449.6,1632.1,2022-03,284,0.20
348,Stuart Parker,28.2,1434.0,315,1412.2,400,1327.0,487,1324.7,1524.1,2025-03,644,-0.62
349,Matias Soto,26.9,1431.3,405,1327.6,286,1427.2,325,1415.7,1461.2,2025-03,304,0.14
350,Marat Sharipov,23.2,1430.6,314,1412.2,330,1391.6,327,1415.3,1613.9,2025-02,387,-0.10
351,Benjamin Hassan,31.1,1427.1,338,1386.0,277,1434.0,334,1410.3,1680.2,2023-10,334,0.05
352,Diego Dedura Palomero,18.0,1425.9,446,1288.4,281,1429.7,328,1413.0,1467.5,2026-03,258,0.31
353,Andre Ilagan,25.3,1424.9,324,1401.0,406,1322.5,329,1412.5,1524.7,2025-10,345,0.02
354,Geoffrey Blancaneaux,27.6,1424.7,334,1393.6,300,1420.6,473,1340.4,1591.5,2023-05,347,0.02
355,Manas Dhamne,18.2,1424.2,318,1406.0,328,1394.9,238,1462.1,1466.9,2026-02,443,-0.22
356,Eduardo Ribeiro,28.0,1423.4,442,1290.2,306,1415.8,332,1411.7,1463.2,2026-03,389,-0.09
357,Daniel Masur,31.2,1422.7,335,1393.5,329,1391.9,339,1406.9,1621.9,2021-03,374,-0.05
358,Ioannis Xilas,24.8,1421.9,333,1395.0,252,1461.0,241,1461.0,1652.3,2025-08,356,0.01
359,Alex Martinez,25.0,1421.8,363,1364.9,325,1401.3,333,1410.9,1501.5,2024-07,311,0.14
360,Denis Yevseyev,32.7,1421.4,332,1396.3,333,1388.9,316,1420.6,1565.7,2024-01,403,-0.11
361,Nikolas Sanchez Izquierdo,27.0,1419.5,471,1260.6,324,1401.4,335,1409.7,1517.8,2022-06,294,0.21
362,Filip Cristian Jianu,24.5,1418.6,411,1321.2,326,1401.0,355,1400.6,1578.5,2019-09,275,0.27
363,Hernan Casanova,32.1,1418.4,460,1275.5,322,1402.2,395,1378.4,1474.0,2022-09,404,-0.11
364,Matteo Martineau,27.2,1418.0,327,1398.8,368,1355.7,374,1391.3,1624.5,2024-02,320,0.13
365,James Trotter,26.6,1416.4,341,1382.0,366,1357.5,383,1386.0,1658.1,2025-01,348,0.05
366,Bernabe Zapata Miralles,29.0,1416.1,358,1367.7,315,1411.3,307,1425.0,1779.9,2023-05,589,-0.48
367,Alexey Vatutin,33.0,1415.2,340,1382.0,345,1373.8,411,1371.6,1637.3,2018-04,446,-0.19
368,Jonas Forejtek,25.0,1414.2,383,1346.6,316,1410.4,376,1390.1,1614.5,2022-05,307,0.18
369,Joao Lucas Reis Da Silva,26.0,1413.6,409,1323.2,313,1412.1,340,1406.8,1531.3,2025-11,211,0.56
370,Juan Manuel La Serna,22.1,1413.4,382,1347.2,323,1401.7,341,1406.7,1449.5,2026-03,363,0.02
371,Charles Broom,27.8,1412.5,345,1377.7,415,1316.2,337,1408.7,1536.4,2024-06,249,0.40
372,Hady Habib,27.4,1411.6,367,1364.1,275,1435.4,296,1431.0,1624.9,2025-05,351,0.06
373,Marek Gengel,30.3,1410.6,347,1377.3,472,1260.0,424,1364.9,1505.8,2023-01,371,0.01
374,Eliakim Coulibaly,23.8,1410.4,311,1413.0,386,1337.9,343,1405.2,1537.1,2025-05,280,0.29
375,Daniel Michalski,26.2,1409.9,309,1413.3,374,1352.9,247,1455.0,1590.8,2020-02,269,0.33
376,Tom Paris,23.5,1409.9,354,1372.2,364,1358.3,344,1405.0,1497.2,2025-11,361,0.04
377,Yuta Shimizu,26.8,1404.3,350,1374.1,442,1288.2,336,1408.8,1590.8,2024-05,378,0
378,Miguel Damas,26.2,1402.5,400,1331.0,342,1376.6,353,1401.3,1441.5,2026-03,273,0.33
379,Petr Bar Biryukov,23.9,1402.1,346,1377.4,420,1311.1,354,1401.1,1488.1,2025-10,344,0.10
380,Antoine Ghibaudo,21.0,1400.6,365,1364.9,429,1304.2,237,1462.6,1518.9,2025-09,322,0.17
381,Dali Blanch,23.0,1400.3,494,1217.2,278,1433.0,357,1400.2,1464.6,2025-08,350,0.08
382,Dmitry Popko,29.2,1398.4,317,1406.3,376,1350.5,485,1329.4,1631.7,2020-01,591,-0.44
383,Fajing Sun,29.5,1397.6,357,1370.7,486,1230.4,396,1377.7,1487.1,2025-07,244,0.45
384,Quinn Vandecasteele,23.5,1397.2,349,1375.1,424,1308.6,391,1381.7,1409.2,2026-03,456,-0.17
385,Juan Bautista Torres,24.0,1396.8,430,1300.4,337,1383.8,363,1398.4,1586.6,2022-07,324,0.17
386,Tyler Zink,25.1,1394.5,368,1363.3,421,1309.9,330,1412.1,1473.9,2025-10,315,0.20
387,Robin Bertrand,22.9,1393.4,359,1366.9,437,1299.5,366,1396.7,1540.9,2024-07,290,0.29
388,Buvaysar Gadamauri,25.7,1392.7,355,1372.0,418,1314.4,367,1396.4,1434.4,2026-03,360,0.07
389,Jakub Paul,27.0,1389.2,390,1340.1,379,1347.6,368,1394.6,1506.3,2025-08,513,-0.28
390,Milos Karol,23.0,1387.8,401,1330.6,372,1353.4,369,1393.9,1457.6,2025-10,415,-0.06
391,Murkel Alejandro Dellien Velasco,28.5,1386.6,371,1361.2,344,1375.8,410,1372.2,1602.5,2022-01,289,0.30
392,Sergio Callejon Hernando,21.5,1386.2,407,1327.3,357,1364.2,370,1393.1,1418.7,2026-03,445,-0.13
393,Philip Henning,25.3,1385.7,364,1364.9,377,1350.4,269,1442.9,1559.8,2021-09,300,0.27
394,Daniel Milavsky,24.4,1385.6,360,1365.2,432,1302.8,406,1373.6,1406.9,2026-02,368,0.07
395,Kaichi Uchida,31.6,1384.4,376,1355.7,402,1325.6,345,1404.9,1571.8,2023-02,238,0.51
396,Samir Banerjee,22.1,1383.9,372,1361.0,433,1302.0,372,1392.0,1472.4,2025-09,411,-0.04
397,Khumoun Sultanov,27.2,1383.6,351,1373.2,452,1279.9,348,1402.5,1553.9,2025-02,,
398,Tai Sach,23.4,1382.9,370,1362.1,435,1301.5,373,1391.5,1436.6,2026-02,507,-0.24
399,Edward Winter,21.4,1381.4,385,1345.4,436,1300.7,322,1418.2,1440.2,2025-10,448,-0.12
400,Andrej Nedic,21.4,1381.0,362,1365.1,341,1378.4,275,1440.5,1439.0,2022-09,288,0.33
401,Patrick Zahraj,26.7,1377.2,348,1376.1,451,1281.8,360,1399.0,1596.7,2025-03,399,0.01
402,Viktor Durasovic,28.9,1376.4,374,1357.4,403,1325.6,483,1331.9,1494.2,2025-02,418,-0.04
403,Hiroki Moriya,35.4,1375.7,386,1343.1,461,1266.3,423,1365.1,1584.0,2012-12,427,-0.06
404,Maximus Jones,21.5,1372.7,381,1349.3,397,1328.8,381,1386.3,1524.4,2025-04,323,0.22
405,Henry Bernet,19.1,1372.0,414,1316.0,349,1370.5,384,1386.0,1537.6,2025-11,499,-0.21
406,Nicolas Kicker,33.6,1371.6,391,1338.7,355,1365.0,480,1335.3,1706.2,2018-05,346,0.16
407,Alfredo Perez,28.4,1371.6,396,1333.4,339,1379.7,386,1385.8,1451.2,2025-10,497,-0.20
408,Philip Sekulic,22.5,1371.3,388,1341.0,466,1264.4,461,1347.5,1533.1,2024-07,354,0.14
409,Matheus Pucinelli De Almeida,24.8,1370.4,483,1249.5,354,1365.6,382,1386.1,1650.0,2022-03,375,0.09
410,Florent Bax,26.7,1369.5,369,1362.5,417,1314.8,387,1384.7,1474.2,2026-01,281,0.38
411,Federico Arnaboldi,25.7,1369.4,412,1320.5,399,1327.3,449,1354.2,1623.0,2024-08,440,-0.07
412,Stefan Palosi,26.1,1368.8,436,1294.4,369,1354.7,388,1384.4,1405.5,2026-02,408,0.01
413,Rudolf Molleker,25.2,1368.7,398,1331.7,358,1364.0,452,1353.6,1712.9,2019-06,429,-0.04
414,Alexander Donski,27.5,1368.1,353,1372.7,375,1351.8,288,1434.0,1558.6,2021-09,687,-0.51
415,Mathys Erhard,24.3,1367.5,387,1341.2,381,1345.1,389,1383.7,1455.1,2025-11,358,0.15
416,Andres Martin,24.7,1364.1,384,1345.4,343,1376.1,293,1432.1,1603.6,2022-07,274,0.42
417,Luca Potenza,25.3,1362.9,404,1327.7,388,1335.8,392,1381.4,1470.3,2022-06,447,-0.07
418,Benoit Paire,36.7,1361.8,393,1335.7,335,1385.4,331,1412.0,1909.0,2013-05,1037,-0.91
419,Sandro Kopp,25.8,1361.3,441,1291.0,351,1368.6,393,1380.7,1547.1,2025-11,313,0.29
420,Gabi Adrian Boitan,26.7,1360.0,389,1340.4,385,1341.3,298,1430.0,1488.6,2022-03,330,0.24
421,Alex Rybakov,29.1,1354.6,419,1311.3,425,1308.3,364,1398.4,1516.5,2022-07,342,0.21
422,Andrea Guerrieri,27.3,1354.1,432,1298.0,412,1320.0,398,1377.0,1362.5,2026-04,338,0.22
423,Lukas Pokorny,23.8,1353.5,408,1324.0,447,1284.1,399,1376.8,1435.5,2025-05,518,-0.20
424,Carlo Alberto Caniato,20.3,1350.7,467,1263.2,350,1369.1,401,1375.3,1451.2,2025-09,,
425,Giles Hussey,28.8,1350.1,415,1315.2,446,1285.1,477,1337.2,1487.3,2025-08,325,0.27
426,Giovanni Fonio,27.7,1349.0,379,1349.5,413,1319.4,403,1374.5,1566.9,2023-02,533,-0.22
427,Aidan Mayo,22.8,1348.9,392,1337.5,467,1264.0,394,1380.6,1541.1,2024-11,623,-0.38
428,Daniel Dutra Da Silva,37.7,1348.7,478,1253.0,391,1333.7,435,1360.5,1519.5,2009-02,377,0.13
429,James Watt,25.6,1348.4,397,1331.9,480,1248.9,342,1406.7,1360.2,2026-01,666,-0.44
430,Federico Bondioli,20.8,1346.4,490,1226.3,371,1353.7,407,1373.2,1422.6,2025-06,327,0.27
431,Masamichi Imamura,27.3,1346.2,417,1314.1,448,1283.1,408,1373.1,1394.5,2024-11,466,-0.08
432,Sergey Fomin,25.1,1342.7,428,1302.2,348,1370.7,413,1371.3,1386.4,2024-07,383,0.12
433,Dan Martin,26.8,1341.4,443,1290.2,416,1315.1,470,1342.9,1374.1,2025-11,380,0.13
434,Henry Searle,19.7,1339.6,427,1303.9,444,1287.9,464,1346.2,1474.6,2025-06,410,0.06
435,Pietro Fellin,24.6,1338.7,418,1312.4,464,1264.8,417,1369.4,1419.7,2026-02,494,-0.13
436,Olaf Pieczkowski,21.8,1338.4,399,1331.4,395,1329.4,320,1419.2,1621.0,2023-11,489,-0.11
437,Mae Malige,19.9,1336.9,424,1308.6,487,1229.1,418,1368.4,1435.8,2025-10,542,-0.22
438,Omar Jasika,28.8,1333.8,420,1311.0,468,1263.8,516,1261.4,1669.1,2017-02,442,-0.01
439,Francesco Forti,26.6,1333.4,440,1291.1,434,1301.6,419,1366.7,1478.8,2019-07,496,-0.12
440,Eero Vasa,29.0,1331.4,423,1309.8,431,1303.0,326,1415.7,1415.6,2016-03,439,0
441,Martin Krumich,23.2,1331.3,435,1296.5,441,1292.3,421,1365.7,1384.1,2026-03,317,0.33
442,Nicolas Alvarez Varona,24.8,1330.9,356,1370.7,456,1274.4,422,1365.5,1526.2,2022-11,465,-0.05
443,Conner Huertas Del Pino,30.2,1329.1,425,1307.0,426,1306.4,425,1364.5,1363.3,2026-03,672,-0.42
444,Jacopo Berrettini,27.2,1325.4,476,1257.8,389,1335.8,428,1362.7,1592.3,2024-05,319,0.33
445,Carlos Sanchez Jover,25.6,1324.7,485,1232.6,422,1309.2,429,1362.4,1440.5,2023-09,357,0.22
446,Santiago Fa Rodriguez Taverna,26.6,1324.5,451,1283.0,414,1317.0,459,1349.0,1672.6,2022-01,255,0.56
447,Andrea Picchione,27.2,1324.4,466,1266.5,428,1305.2,430,1362.2,1366.1,2024-04,423,0.06
448,Max Alcala Gurri,23.5,1323.1,474,1258.8,430,1303.4,431,1361.5,1332.3,2022-04,359,0.22
449,Lucas Poullain,30.2,1323.0,431,1299.9,474,1258.7,432,1361.5,1590.8,2023-10,420,0.07
450,Cannon Kingsley,24.9,1322.4,395,1334.6,485,1232.7,433,1361.2,1468.0,2023-09,435,0.03
451,Patrick Maloney,25.6,1320.7,461,1273.3,407,1322.0,416,1370.7,1467.5,2025-07,546,-0.19
452,Miguel Tobon,19.7,1319.9,434,1296.5,423,1308.8,415,1370.9,1600.3,1995-09,449,0.01
453,Neil Oberleitner,26.4,1319.6,448,1286.4,458,1271.8,436,1359.8,1378.0,2024-07,479,-0.06
454,Olle Wallin,24.2,1319.3,447,1287.9,419,1311.9,437,1359.7,1488.2,2025-07,407,0.11
455,Johan Nikles,29.0,1318.7,462,1273.0,427,1306.1,439,1359.3,1535.7,2022-06,459,-0.01
456,Maxime Janvier,29.4,1317.0,439,1291.4,449,1283.1,442,1356.8,1601.5,2019-09,574,-0.23
457,Corentin Denolly,28.8,1314.9,469,1263.2,454,1277.3,468,1344.1,1455.6,2025-03,474,-0.04
458,Tibo Colson,25.7,1314.3,426,1304.4,498,1212.2,441,1357.2,1412.3,2026-02,390,0.16
459,Alan Magadan,24.8,1312.0,437,1294.0,459,1270.8,444,1356.0,1381.1,2025-07,703,-0.43
460,Kaylan Bigun,19.6,1311.1,456,1279.6,477,1255.5,445,1355.6,1423.0,2025-08,664,-0.37
461,Cruz Hewitt,17.1,1310.7,438,1292.5,462,1265.3,446,1355.3,1349.3,2026-02,696,-0.41
462,Garrett Johns,25.3,1310.0,422,1310.3,473,1258.9,447,1355.0,1534.5,2025-08,392,0.16
463,Tsung Hao Huang,26.2,1308.8,455,1279.6,465,1264.4,448,1354.4,1406.7,2023-10,492,-0.06
464,Jie Cui,28.1,1307.8,457,1278.9,499,1211.8,451,1353.9,1491.5,2025-05,398,0.15
465,Aleksandre Bakshi,28.5,1304.7,452,1281.5,321,1402.4,349,1402.4,1613.0,2024-07,580,-0.22
466,Gabriele Piraino,22.3,1303.2,489,1226.6,439,1298.3,453,1351.6,1397.2,2026-02,364,0.25
467,Luciano Emanuel Ambrogi,22.3,1302.5,500,1202.4,440,1295.8,454,1351.2,1410.3,2024-09,384,0.20
468,Jelle Sels,30.5,1302.1,403,1327.8,457,1272.2,519,1247.3,1640.8,2022-11,450,0.04
469,Renzo Olivo,33.8,1301.8,445,1288.6,455,1277.1,489,1322.7,1643.4,2015-02,767,-0.49
470,Kasidit Samrej,25.1,1300.8,459,1276.8,356,1364.6,356,1400.4,1424.3,2019-04,421,0.11
471,Gonzalo Villanueva,31.2,1300.3,497,1213.5,445,1286.6,455,1350.2,1454.7,2022-05,372,0.24
472,Blaise Bicknell,24.2,1299.6,453,1281.1,460,1266.5,358,1399.8,1587.2,2024-02,331,0.35
473,Pedro Sakamoto,32.7,1298.8,468,1263.2,443,1287.9,457,1349.4,1495.6,2019-05,433,0.09
474,Michele Ribecai,23.1,1298.2,480,1251.4,470,1261.6,458,1349.1,1365.6,2026-03,285,0.51
475,Robert Strombachs,26.4,1293.3,433,1297.8,478,1255.3,462,1346.7,1479.9,2025-05,473,0
476,David Jorda Sanchis,31.7,1293.0,499,1208.2,404,1323.4,498,1307.6,1531.3,2023-07,386,0.21
477,Carl Emil Overbeck,24.6,1292.9,463,1271.2,476,1256.5,463,1346.5,1413.1,2025-11,424,0.12
478,Naoki Nakagawa,29.2,1289.2,464,1270.8,515,1148.8,466,1344.6,1327.7,2024-09,675,-0.35
479,Jacopo Vasami,18.3,1288.3,493,1217.8,438,1298.5,467,1344.2,1452.9,2025-06,557,-0.15
480,Keegan Smith,27.7,1287.9,475,1258.6,504,1187.0,469,1343.9,1403.9,2021-12,301,0.47
481,Olukayode Alafia Damina Ayeni,26.6,1285.2,458,1277.2,505,1186.4,505,1298.9,1374.8,2022-10,482,0
482,Paulo Andre Saraiva Dos Santos,25.7,1284.5,486,1231.4,450,1282.0,471,1342.2,1327.3,2026-03,502,-0.04
483,Christian Langmo,29.7,1283.1,470,1262.3,513,1154.6,472,1341.6,1411.8,2023-04,461,0.05
484,Taha Baadi,24.6,1282.1,482,1249.6,453,1279.8,499,1305.3,1300.1,2025-09,485,0
485,Adria Soriano Barrera,26.7,1279.6,454,1280.9,491,1225.5,474,1339.8,1429.0,2025-07,388,0.22
486,Andrew Fenty,26.0,1277.2,473,1259.1,483,1236.8,476,1338.6,1297.0,2026-01,391,0.22
487,Yusuke Takahashi,28.4,1272.8,484,1248.0,463,1265.0,478,1336.4,1451.5,2018-01,554,-0.13
488,Thomas Faurel,20.2,1271.8,472,1259.8,489,1227.1,479,1335.9,1412.6,2026-01,419,0.15
489,Luca Castelnuovo,29.0,1269.8,479,1251.9,495,1218.7,481,1334.9,1285.6,2026-02,405,0.19
490,Aristotelis Thanos,24.6,1267.4,477,1254.6,398,1328.2,390,1383.7,1576.3,2025-02,491,0
491,Juan Alejandro Hernandez Serrano,26.7,1259.4,481,1249.9,500,1211.7,484,1329.7,1300.9,2025-06,457,0.07
492,Mateus Alves,25.1,1256.3,514,1152.1,471,1260.1,486,1328.2,1422.1,2024-11,501,-0.02
493,Saba Purtseladze,24.6,1253.4,465,1268.3,516,1144.3,501,1304.8,1466.8,2025-05,328,0.41
494,Max Wiskandt,24.1,1251.1,492,1220.3,481,1241.9,506,1298.3,1454.0,2025-04,472,0.05
495,Alexandr Binda,24.5,1246.9,491,1224.1,484,1233.5,488,1323.5,1450.9,2025-07,468,0.06
496,Joaquin Aguilar Cardozo,20.9,1243.1,450,1283.3,479,1255.0,412,1371.5,1554.4,2023-09,,
497,Renta Tokuda,28.0,1242.5,495,1215.5,507,1182.5,490,1321.3,1380.8,2018-05,326,0.42
498,Carlos Maria Zarate,,1237.7,487,1231.1,493,1221.0,491,1318.9,1301.9,2025-10,529,-0.06
499,Juan Sebastian Gomez,34.0,1237.6,498,1209.7,488,1228.2,492,1318.8,1319.2,2017-09,585,-0.16
500,Aryan Shah,20.3,1235.2,488,1227.9,490,1226.1,493,1317.6,1524.6,2025-07,493,0.01
501,Karan Singh,22.6,1232.7,501,1197.3,469,1263.3,494,1316.4,1339.8,2025-02,434,0.14
502,Valerio Aboian,23.8,1230.4,509,1175.1,492,1223.4,495,1315.2,1355.1,2024-04,534,-0.06
503,Vadym Ursu,29.2,1222.7,503,1195.6,510,1167.6,510,1290.3,1281.3,2025-11,477,0.05
504,Justin Boulais,24.4,1220.0,502,1195.8,494,1220.0,496,1310.0,1416.6,2023-07,428,0.16
505,San Hui Sin,28.9,1215.8,504,1193.3,496,1217.9,497,1307.9,1314.1,2025-08,369,0.31
506,Karl Poling,26.5,1214.4,496,1213.6,503,1192.0,515,1265.5,1280.8,2025-11,544,-0.07
507,Kokoro Isomura,23.1,1209.7,507,1180.5,497,1214.9,500,1304.9,1428.8,2024-11,553,-0.09
508,Mariano Kestelboim,30.1,1209.5,508,1176.2,502,1200.0,502,1304.8,1312.1,2025-06,624,-0.21
509,Pierluigi Basile,19.0,1205.3,513,1155.2,482,1240.4,503,1302.7,1426.9,2025-06,682,-0.29
510,Bruno Kuzuhara,22.0,1198.0,505,1186.3,511,1165.5,504,1299.0,1335.1,2024-07,578,-0.13
511,Lorenzo Joaquin Rodriguez,26.5,1192.3,510,1172.3,508,1182.4,507,1296.2,1362.4,2024-04,458,0.11
512,Leo Borg,22.5,1189.8,506,1183.9,518,1137.6,508,1294.9,1211.0,2025-10,480,0.06
513,Moerani Bouzige,26.7,1188.6,511,1158.4,501,1204.3,509,1294.3,1416.7,2024-12,425,0.19
514,Lorenzo Carboni,20.0,1164.4,517,1125.3,506,1183.1,511,1282.2,1325.2,2023-08,470,0.09
515,Sebastian Gima,23.7,1162.0,512,1157.9,514,1153.7,512,1281.0,1251.0,2025-08,577,-0.11
516,Tiago Pereira,21.7,1152.1,516,1129.0,509,1175.3,513,1276.1,1406.9,2025-08,299,0.55
517,Joao Eduardo Schiessl,21.6,1135.6,515,1141.0,517,1138.9,514,1267.8,1394.0,2025-10,441,0.16
518,Jake Delaney,28.8,1112.1,519,1098.5,519,1136.2,517,1256.1,1252.3,2025-11,503,0.03
519,Juan Carlos Aguilar,27.2,1098.1,520,1055.2,512,1158.7,518,1249.0,1243.9,2025-01,852,-0.50
520,Tristan Mccormick,26.8,1085.7,518,1098.7,520,1084.3,520,1212.3,1286.0,2023-06,516,0.01
