Elo Rank,Player,Age,Elo,hElo Rank,hElo,cElo Rank,cElo,gElo Rank,gElo,Peak Elo,Peak Month,WTA Rank,Log diff
1,Aryna Sabalenka,27.8,2266.3,1,2224.4,1,2152.4,1,2009.8,2266.3,2026-03,1.0,0.0
2,Elena Rybakina,26.7,2173.2,2,2135.3,4,2011.5,3,1920.5,2181.5,2026-03,2.0,0.0
3,Jessica Pegula,32.0,2113.0,3,2066.2,6,1955.4,4,1886.6,2113.0,2026-03,5.0,-0.51
4,Coco Gauff,22.0,2100.7,4,2049.5,2,2057.9,6,1856.1,2155.7,2024-01,3.0,0.29
5,Iga Swiatek,24.7,2091.9,6,2035.8,3,2045.3,2,1941.7,2291.0,2024-07,4.0,0.22
6,Victoria Mboko,19.5,2074.5,5,2040.6,10,1863.9,19,1751.1,2093.8,2026-03,10.0,-0.51
7,Karolina Muchova,29.5,2060.9,7,2031.5,13,1853.8,14,1777.1,2072.3,2026-03,12.0,-0.54
8,Amanda Anisimova,24.5,2042.6,8,1994.0,11,1858.4,5,1882.0,2086.9,2025-11,6.0,0.29
9,Elina Svitolina,31.5,2039.0,9,1981.9,7,1950.5,7,1820.7,2120.6,2018-05,7.0,0.25
10,Mirra Andreeva,18.9,2016.8,10,1965.3,5,1961.8,11,1786.8,2159.2,2025-03,9.0,0.11
11,Belinda Bencic,29.0,1995.7,11,1955.7,17,1815.8,8,1794.3,2100.0,2015-09,11.0,0.0
12,Jasmine Paolini,30.2,1961.3,15,1900.6,8,1917.8,10,1790.1,2058.1,2025-10,8.0,0.41
13,Madison Keys,31.1,1960.1,13,1906.6,9,1888.7,13,1778.2,2090.1,2016-08,17.0,-0.27
14,Linda Noskova,21.3,1953.9,14,1901.5,37,1764.6,12,1779.1,1959.9,2025-10,14.0,0.0
15,Marta Kostyuk,23.7,1949.1,12,1913.7,14,1843.0,45,1683.6,1986.1,2024-04,28.0,-0.62
16,Naomi Osaka,28.4,1935.6,17,1895.6,21,1805.0,32,1722.7,2193.3,2021-03,15.0,0.06
17,Sorana Cirstea,35.9,1924.0,16,1898.2,29,1781.9,55,1667.2,1930.8,2026-04,26.0,-0.42
18,Elise Mertens,30.3,1915.2,19,1858.3,15,1831.2,16,1766.1,2042.7,2021-04,20.0,-0.11
19,Anna Kalinskaya,27.3,1910.4,18,1864.3,32,1771.6,24,1736.2,1948.6,2024-04,23.0,-0.19
20,Marketa Vondrousova,26.5,1907.1,24,1825.8,31,1773.1,9,1791.1,2062.5,2023-08,46.0,-0.83
21,Qinwen Zheng,23.4,1904.3,20,1857.9,12,1857.8,58,1660.0,2098.3,2024-11,37.0,-0.57
22,Diana Shnaider,21.9,1883.1,23,1828.7,16,1817.9,25,1735.4,1976.1,2024-08,19.0,0.15
23,Victoria Azarenka,36.0,1875.3,21,1839.1,35,1769.2,33,1719.9,2312.3,2013-03,207.0,-2.2
24,Sonay Kartal,24.3,1874.0,22,1832.6,130,1602.3,28,1731.6,1879.9,2026-03,55.0,-0.83
25,Ekaterina Alexandrova,31.3,1866.1,32,1810.6,27,1784.4,15,1769.8,1977.2,2020-02,13.0,0.65
26,Tereza Valentova,19.0,1861.8,26,1818.7,25,1795.0,61,1649.8,1939.6,2026-02,50.0,-0.65
27,Iva Jovic,18.3,1859.4,25,1824.2,46,1749.4,20,1743.3,1951.1,2026-02,16.0,0.52
28,Katerina Siniakova,29.8,1858.3,27,1813.0,58,1721.6,22,1740.6,1950.5,2017-01,42.0,-0.41
29,Barbora Krejcikova,30.1,1857.2,29,1811.3,84,1679.8,18,1756.1,2054.4,2021-08,52.0,-0.58
30,Elisabetta Cocciaretto,25.2,1853.1,38,1796.8,42,1756.2,34,1718.7,1853.5,2023-07,41.0,-0.31
31,Alexandra Eala,20.8,1851.6,30,1810.9,118,1617.0,30,1726.7,1868.4,2026-03,45.0,-0.37
32,Clara Tauson,23.2,1848.1,37,1798.3,44,1752.6,42,1691.1,1949.0,2025-07,18.0,0.58
33,Danielle Collins,31.6,1844.4,51,1772.3,19,1808.7,47,1680.3,2061.1,2024-05,131.0,-1.38
34,Maria Sakkari,30.6,1843.7,28,1812.1,30,1781.7,51,1670.2,2067.5,2022-03,38.0,-0.11
35,Anastasia Potapova,25.0,1842.0,49,1772.8,18,1813.3,53,1667.7,1920.5,2023-06,54.0,-0.43
36,Mccartney Kessler,26.7,1841.5,34,1801.4,89,1667.8,26,1733.2,1933.3,2025-03,48.0,-0.29
37,Marie Bouzkova,27.7,1841.0,44,1783.4,26,1792.4,52,1668.5,1958.3,2022-10,24.0,0.43
38,Jelena Ostapenko,28.8,1838.9,41,1786.3,22,1801.3,17,1758.8,2029.5,2017-10,22.0,0.55
39,Sara Bejlek,20.1,1837.7,48,1779.4,28,1782.5,143,1529.4,1860.5,2026-02,34.0,0.14
40,Veronika Kudermetova,28.4,1836.4,42,1785.9,36,1764.7,36,1709.5,1981.1,2023-05,62.0,-0.44
41,Taylor Townsend,29.9,1835.9,35,1801.1,57,1724.0,77,1627.3,1849.6,2025-08,94.0,-0.83
42,Leylah Fernandez,23.5,1833.3,36,1798.6,72,1697.2,44,1688.3,1977.3,2022-03,25.0,0.52
43,Jaqueline Cristian,27.8,1831.6,33,1801.9,47,1747.1,166,1498.6,1854.7,2026-03,33.0,0.26
44,Talia Gibson,21.8,1830.0,31,1810.8,170,1541.8,59,1656.8,1862.6,2026-03,57.0,-0.26
45,Emma Raducanu,23.3,1827.9,53,1769.9,41,1757.8,37,1704.9,1998.0,2021-08,29.0,0.44
46,Katie Boulter,29.6,1827.5,39,1793.1,66,1703.9,23,1739.6,1894.3,2024-03,64.0,-0.33
47,Karolina Pliskova,34.0,1821.9,40,1787.1,39,1758.8,29,1729.5,2089.1,2020-01,197.0,-1.43
48,Olga Danilovic,25.0,1819.1,65,1739.8,24,1796.1,68,1639.9,1883.7,2025-05,113.0,-0.86
49,Lilli Tagger,18.1,1818.4,60,1754.5,59,1715.2,107,1584.2,1845.8,2026-04,97.0,-0.68
50,Ons Jabeur,30.8,1817.9,46,1781.0,48,1744.9,41,1692.0,2110.5,2022-06,349.0,-1.94
51,Magda Linette,34.1,1815.8,52,1771.8,40,1758.1,72,1634.2,1866.6,2023-02,56.0,-0.09
52,Anhelina Kalinina,29.1,1815.4,67,1737.2,23,1797.4,66,1641.0,1890.8,2022-06,107.0,-0.72
53,Camila Osorio,24.2,1814.9,43,1784.3,51,1735.2,74,1631.6,1852.0,2023-06,83.0,-0.45
54,Eva Lys,24.2,1814.7,45,1781.4,64,1708.7,75,1628.9,1896.2,2025-10,78.0,-0.37
55,Yulia Putintseva,31.2,1813.5,56,1762.7,45,1751.4,56,1664.0,1933.4,2025-01,77.0,-0.34
56,Lois Boisson,22.3,1811.3,139,1609.9,20,1806.9,121,1557.6,1855.3,2025-07,44.0,0.24
57,Peyton Stearns,24.4,1811.1,57,1758.6,33,1771.3,122,1557.5,1925.1,2025-05,43.0,0.28
58,Varvara Gracheva,25.6,1809.9,55,1763.2,68,1701.4,65,1641.3,1840.6,2026-02,59.0,-0.02
59,Daria Kasatkina,28.7,1807.3,54,1763.2,34,1769.9,35,1709.7,2036.5,2018-03,72.0,-0.2
60,Dayana Yastremska,25.8,1800.7,66,1737.5,54,1731.9,39,1692.8,1978.4,2019-02,49.0,0.2
61,Hailey Baptiste,24.4,1799.4,58,1758.3,63,1709.7,92,1609.4,1817.6,2026-03,35.0,0.56
62,Elena Gabriela Ruse,28.4,1799.0,72,1728.9,49,1743.6,40,1692.7,1845.7,2022-02,61.0,0.02
63,Paula Badosa,28.3,1797.7,59,1756.8,62,1711.5,62,1648.9,2078.1,2022-01,106.0,-0.52
64,Kimberly Birrell,27.9,1795.9,50,1772.5,167,1549.0,73,1633.4,1829.9,2026-03,82.0,-0.25
65,Xin Yu Wang,24.4,1795.9,70,1733.6,88,1668.6,27,1732.9,1853.9,2025-08,32.0,0.71
66,Liudmila Samsonova,27.4,1795.5,71,1733.2,50,1740.2,21,1742.3,1984.3,2023-10,21.0,1.15
67,Hanne Vandewinkel,21.8,1789.6,47,1780.0,96,1648.4,118,1558.8,1794.2,2026-03,98.0,-0.38
68,Donna Vekic,29.7,1788.9,74,1726.5,38,1759.6,38,1693.0,1947.0,2019-08,67.0,0.01
69,Ajla Tomljanovic,32.8,1787.2,64,1743.8,71,1698.0,43,1691.0,1907.7,2022-08,85.0,-0.21
70,Emma Navarro,24.8,1785.1,78,1723.0,52,1735.1,31,1725.7,2002.7,2024-08,27.0,0.95
71,Anastasia Pavlyuchenkova,34.7,1780.8,63,1744.7,69,1701.3,46,1681.8,2058.1,2011-05,118.0,-0.51
72,Janice Tjen,23.8,1778.8,62,1744.8,131,1602.1,69,1639.4,1897.7,2025-10,40.0,0.59
73,Antonia Ruzic,23.1,1774.7,68,1734.9,105,1632.9,98,1596.3,1797.5,2026-03,58.0,0.23
74,Irina Camelia Begu,34.8,1774.7,96,1688.9,43,1756.1,90,1612.4,1931.2,2016-05,183.0,-0.91
75,Cristina Bucsa,28.2,1770.8,69,1734.6,121,1615.4,85,1618.2,1794.9,2026-03,31.0,0.88
76,Ann Li,25.7,1769.8,73,1727.3,77,1692.7,124,1554.4,1894.4,2021-03,36.0,0.75
77,Maya Joint,19.8,1769.2,84,1712.4,53,1733.3,48,1678.1,1889.3,2025-09,30.0,0.94
78,Aliaksandra Sasnovich,32.0,1768.4,82,1718.2,79,1691.6,60,1656.1,1944.3,2019-01,111.0,-0.35
79,Oleksandra Oliynykova,25.2,1764.0,174,1567.4,55,1726.1,134,1541.3,1804.5,2025-11,70.0,0.12
80,Katie Volynets,24.2,1762.5,77,1724.1,70,1698.5,106,1586.8,1828.5,2024-06,89.0,-0.11
81,Alina Korneeva,18.7,1760.0,61,1746.8,192,1507.4,136,1540.0,1802.5,2024-10,121.0,-0.4
82,Laura Siegemund,38.0,1759.4,86,1708.7,90,1666.7,57,1661.1,1917.6,2016-08,51.0,0.47
83,Lanlana Tararudee,21.7,1758.9,75,1725.8,144,1583.7,95,1604.1,1788.7,2026-03,115.0,-0.33
84,Emerson Jones,17.7,1757.0,80,1719.9,212,1493.5,93,1609.1,1760.8,2026-03,133.0,-0.46
85,Magdalena Frech,28.2,1755.3,83,1715.3,82,1683.5,109,1582.5,1846.4,2024-10,39.0,0.78
86,Daria Snigur,24.0,1753.9,76,1724.6,175,1533.4,94,1608.3,1777.5,2026-03,101.0,-0.16
87,Anastasia Zakharova,24.1,1753.6,81,1719.4,154,1567.1,64,1641.8,1770.4,2026-03,76.0,0.14
88,Yuliia Starodubtseva,26.1,1751.9,107,1664.7,60,1713.9,105,1589.8,1834.9,2024-10,53.0,0.51
89,Jeline Vandromme,18.3,1748.7,79,1722.4,217,1489.3,129,1549.3,1748.7,2026-04,189.0,-0.75
90,Caty Mcnally,24.3,1748.7,93,1697.0,85,1678.5,50,1673.7,1805.5,2019-07,71.0,0.24
91,Oksana Selekhmeteva,23.2,1744.6,92,1697.5,67,1703.5,119,1557.8,1787.8,2026-02,75.0,0.19
92,Kamilla Rakhimova,24.5,1744.5,94,1696.7,94,1652.2,67,1640.8,1753.6,2025-08,74.0,0.22
93,Ashlyn Krueger,21.8,1743.4,89,1699.7,91,1665.7,102,1592.1,1896.7,2025-02,110.0,-0.17
94,Sofia Kenin,27.3,1742.4,98,1682.7,61,1712.6,88,1615.5,2057.0,2020-02,68.0,0.32
95,Bianca Andreescu,25.8,1739.5,85,1709.0,86,1676.5,80,1621.3,2157.5,2019-09,128.0,-0.3
96,Zeynep Sonmez,23.8,1739.4,88,1699.8,119,1616.0,81,1619.6,1769.8,2024-12,79.0,0.19
97,Lulu Sun,24.9,1732.5,87,1702.1,157,1563.7,84,1618.4,1831.6,2024-08,109.0,-0.12
98,Viktorija Golubic,33.4,1731.8,90,1698.5,138,1591.7,87,1616.4,1836.2,2021-07,81.0,0.19
99,Rebeka Masarova,26.6,1724.4,103,1669.1,80,1691.3,82,1619.6,1817.5,2023-04,124.0,-0.23
100,Jessica Bouzas Maneiro,23.5,1724.4,106,1665.3,81,1689.3,71,1635.3,1857.3,2025-08,47.0,0.76
101,Anna Bondar,28.8,1722.7,118,1648.3,56,1724.8,171,1492.0,1786.6,2022-05,65.0,0.44
102,Storm Hunter,31.5,1722.2,97,1688.3,139,1587.0,96,1601.5,1792.2,2024-03,200.0,-0.67
103,Xiyu Wang,25.0,1721.4,91,1698.3,98,1645.8,120,1557.8,1803.0,2024-02,171.0,-0.51
104,Greet Minnen,28.6,1720.9,105,1665.7,134,1600.1,54,1667.3,1795.8,2020-02,150.0,-0.37
105,Anastasija Sevastova,35.7,1718.5,108,1664.3,73,1695.0,83,1619.5,1998.3,2018-10,190.0,-0.59
106,Moyuka Uchijima,24.6,1717.2,115,1651.6,75,1694.5,168,1495.1,1822.8,2025-04,86.0,0.21
107,Shuai Zhang,37.2,1716.4,95,1694.0,146,1582.5,76,1627.5,1873.3,2018-01,66.0,0.48
108,Kaja Juvan,25.3,1716.3,120,1647.3,65,1704.5,49,1673.9,1825.6,2022-05,108.0,0.0
109,Vera Zvonareva,41.4,1714.0,99,1677.2,112,1625.7,63,1642.7,2185.6,2009-03,342.0,-1.14
110,Renata Zarazua,28.4,1710.8,109,1662.6,99,1643.0,111,1575.3,1763.5,2026-01,84.0,0.27
111,Marina Stakusic,21.3,1706.7,102,1672.1,161,1558.8,101,1592.9,1794.3,2024-02,125.0,-0.12
112,Rebecca Sramkova,29.4,1706.5,111,1655.5,106,1632.3,110,1578.0,1821.7,2024-11,122.0,-0.09
113,Yafan Wang,31.4,1703.6,100,1673.0,172,1538.6,137,1539.9,1853.2,2019-03,358.0,-1.15
114,Nikola Bartunkova,20.1,1693.5,101,1672.2,126,1606.4,149,1521.7,1739.9,2026-03,96.0,0.17
115,Anna Blinkova,27.5,1692.3,113,1653.0,124,1611.8,99,1594.7,1830.2,2019-10,91.0,0.23
116,Sloane Stephens,33.0,1692.1,123,1634.6,76,1693.5,100,1593.8,2028.2,2017-08,401.0,-1.24
117,Beatriz Haddad Maia,29.7,1691.0,129,1626.9,74,1694.5,70,1638.9,1945.0,2022-08,69.0,0.53
118,Polina Kudermetova,22.8,1690.0,127,1627.6,95,1649.7,141,1533.1,1770.3,2024-12,139.0,-0.16
119,Tatiana Prozorova,22.4,1688.6,104,1666.2,137,1592.2,151,1519.3,1730.1,2025-02,157.0,-0.28
120,Ella Seidel,21.1,1686.4,116,1649.1,141,1586.2,117,1565.1,1809.9,2025-10,87.0,0.32
121,Tamara Zidansek,28.2,1683.8,152,1595.6,87,1674.9,169,1495.1,1857.1,2019-06,126.0,-0.04
122,Lisa Pigato,22.7,1683.5,151,1597.2,92,1664.9,112,1575.3,1683.5,2026-04,154.0,-0.23
123,Kaitlin Quevedo,20.1,1680.2,135,1616.2,108,1631.4,157,1515.1,1699.5,2025-09,144.0,-0.16
124,Alycia Parks,25.2,1679.4,112,1654.7,189,1515.3,123,1555.1,1824.7,2023-01,95.0,0.27
125,Maja Chwalinska,24.4,1677.5,110,1657.6,104,1633.4,148,1522.1,1731.7,2026-02,129.0,-0.03
126,Francesca Jones,25.5,1676.4,140,1609.7,83,1681.6,174,1488.4,1798.6,2025-09,103.0,0.2
127,Elsa Jacquemot,22.8,1675.2,137,1613.4,117,1617.7,97,1596.4,1766.8,2025-09,60.0,0.75
128,Linda Fruhvirtova,20.9,1673.5,121,1642.0,185,1520.5,108,1583.8,1764.1,2023-03,143.0,-0.11
129,Petra Martic,34.5,1672.7,124,1632.5,103,1633.8,86,1617.9,1979.2,2019-09,548.0,-1.45
130,Caroline Dolehide,27.5,1672.6,122,1637.5,116,1618.7,177,1485.3,1757.6,2025-07,142.0,-0.09
131,Lin Zhu,32.1,1671.9,119,1647.5,245,1454.0,140,1534.3,1808.9,2023-09,136.0,-0.04
132,Celine Naef,20.7,1669.0,114,1651.9,214,1492.4,103,1591.7,1713.2,2023-09,208.0,-0.45
133,Venus Williams,45.7,1666.8,131,1623.1,147,1582.5,104,1591.6,2458.5,2002-08,480.0,-1.28
134,Dalma Galfi,27.6,1663.3,154,1593.2,100,1642.8,91,1610.3,1748.0,2025-10,93.0,0.37
135,Sinja Kraus,23.9,1659.2,144,1606.3,110,1629.3,146,1523.0,1711.3,2025-03,120.0,0.12
136,Priscilla Hon,27.8,1658.8,130,1624.9,180,1529.4,145,1523.2,1722.2,2025-09,138.0,-0.01
137,Himeno Sakatsume,24.6,1658.4,128,1627.3,239,1462.7,161,1509.5,1709.1,2026-03,132.0,0.04
138,Diane Parry,23.5,1657.9,142,1608.2,127,1605.7,78,1626.7,1763.9,2024-03,100.0,0.32
139,Claire Liu,25.8,1656.5,126,1628.6,151,1573.7,150,1521.2,1814.6,2022-05,234.0,-0.52
140,Viktoriya Tomova,31.0,1656.4,146,1601.1,125,1609.0,127,1552.5,1752.1,2024-06,156.0,-0.11
141,Simona Waltert,25.3,1655.5,149,1598.8,93,1656.9,189,1473.5,1744.4,2025-10,92.0,0.43
142,Mananchaya Sawangkaew,23.7,1654.2,125,1630.3,176,1529.9,138,1537.8,1775.4,2025-02,186.0,-0.27
143,Robin Montgomery,21.5,1653.4,143,1606.8,159,1560.1,79,1624.2,1779.9,2024-07,416.0,-1.07
144,Bernarda Pera,31.1,1653.3,141,1609.7,102,1640.4,133,1544.8,1843.1,2022-08,240.0,-0.51
145,Elina Avanesyan,23.5,1652.7,134,1619.2,111,1627.7,115,1567.2,1835.3,2024-08,325.0,-0.81
146,Tamara Korpatsch,30.9,1652.2,155,1592.5,109,1629.8,211,1450.9,1717.5,2022-10,102.0,0.36
147,Jil Teichmann,28.1,1650.6,138,1612.4,120,1615.9,229,1439.1,1922.9,2022-05,193.0,-0.27
148,Yue Yuan,27.5,1648.2,133,1620.1,156,1566.1,153,1518.5,1869.7,2024-04,114.0,0.26
149,Daria Saville,31.4,1648.0,132,1621.4,142,1586.2,154,1517.6,1971.3,2017-01,677.0,-1.51
150,Veronika Erjavec,26.2,1645.7,198,1532.1,101,1641.7,116,1567.1,1722.2,2025-09,104.0,0.37
151,Anca Alexia Todoni,20.9,1643.2,188,1550.5,78,1692.2,158,1514.3,1785.1,2025-01,264.0,-0.56
152,Joanna Garland,24.6,1641.4,150,1598.3,165,1553.7,152,1519.3,1703.0,2026-01,145.0,0.05
153,Aoi Ito,21.8,1640.6,117,1648.8,346,1343.7,220,1444.4,1786.2,2024-12,220.0,-0.36
154,Andrea Lazaro Garcia,31.4,1639.9,195,1536.0,107,1631.8,191,1472.3,1657.0,2026-03,147.0,0.05
155,Solana Sierra,21.7,1638.9,160,1585.2,122,1614.9,128,1550.1,1739.3,2026-01,90.0,0.54
156,Petra Marcinko,20.2,1636.7,161,1585.0,97,1646.1,261,1418.9,1759.7,2026-01,80.0,0.67
157,Panna Udvardy,27.5,1635.2,187,1553.8,129,1603.5,132,1547.5,1704.6,2023-01,73.0,0.77
158,Mia Pohankova,17.4,1631.8,148,1599.0,263,1430.9,186,1479.3,1739.1,2026-02,346.0,-0.78
159,Darja Semenistaja,23.5,1628.8,183,1555.6,114,1624.4,139,1535.2,1736.4,2025-10,116.0,0.32
160,Emiliana Arango,25.3,1628.2,167,1578.2,143,1583.9,215,1449.0,1698.2,2025-02,88.0,0.6
161,Mayar Sherif,29.9,1625.9,246,1475.1,123,1614.7,195,1468.1,1863.6,2023-06,105.0,0.43
162,Rebecca Marino,34.7,1625.6,156,1590.9,213,1493.4,114,1570.6,1833.6,2010-11,259.0,-0.47
163,Teodora Kostovic,18.7,1622.3,181,1558.0,113,1625.3,176,1486.1,1685.9,2025-10,162.0,0.01
164,Victoria Jimenez Kasintseva,20.6,1620.4,157,1589.4,150,1574.9,175,1486.8,1709.5,2025-09,112.0,0.38
165,Fiona Ferro,28.9,1620.3,145,1603.1,169,1546.8,201,1462.0,1864.6,2021-03,218.0,-0.28
166,Dominika Salkova,21.7,1618.5,136,1614.7,182,1522.9,205,1458.4,1685.2,2025-07,123.0,0.3
167,Julia Grabher,29.7,1616.9,233,1488.4,115,1619.0,283,1406.1,1695.8,2026-01,99.0,0.52
168,Sofia Costoulas,20.9,1616.4,153,1594.9,188,1515.8,208,1452.7,1627.6,2026-03,134.0,0.23
169,Maddison Inglis,28.1,1615.5,162,1584.7,231,1468.8,173,1489.2,1649.6,2026-01,140.0,0.19
170,Elizara Yaneva,19.0,1614.4,165,1582.3,216,1489.7,181,1482.2,1661.3,2026-02,232.0,-0.31
171,Darja Vidmanova,23.2,1614.3,147,1600.1,250,1449.7,202,1462.0,1694.3,2026-03,117.0,0.38
172,Kayla Day,26.5,1613.9,159,1585.6,168,1548.3,262,1418.3,1756.9,2016-10,158.0,0.08
173,Leolia Jeanjean,30.5,1613.9,173,1568.1,132,1602.0,185,1481.0,1684.9,2022-09,127.0,0.31
174,Harriet Dart,29.7,1613.6,163,1583.3,258,1441.0,130,1548.5,1727.2,2022-06,175.0,-0.01
175,Hanyu Guo,27.8,1613.0,158,1586.0,222,1481.9,183,1481.5,1647.8,2026-03,174.0,0.01
176,Linda Klimovicova,21.8,1613.0,164,1583.0,246,1454.0,203,1459.3,1720.6,2026-01,155.0,0.13
177,Nina Stojanovic,29.2,1609.0,182,1557.5,140,1586.7,125,1553.6,1752.9,2019-10,426.0,-0.88
178,Suzan Lamens,26.7,1608.5,176,1565.6,174,1536.9,165,1503.3,1795.2,2025-04,119.0,0.4
179,Carol Young Suh Lee,24.2,1606.5,166,1578.4,155,1566.7,126,1553.3,1709.1,2025-06,169.0,0.06
180,Varvara Lepchenko,39.8,1606.4,169,1572.6,153,1568.9,187,1478.7,1891.7,2015-01,149.0,0.19
181,Tatjana Maria,38.6,1604.9,179,1559.6,184,1521.6,89,1614.2,1804.5,2009-08,63.0,1.06
182,Sara Sorribes Tormo,29.4,1600.2,180,1558.5,136,1594.5,162,1505.1,1900.8,2021-08,528.0,-1.07
183,Lucie Havlickova,21.0,1599.6,170,1572.0,202,1503.2,163,1503.6,1654.9,2023-05,219.0,-0.18
184,Alina Charaeva,23.8,1597.7,192,1543.8,149,1579.6,184,1481.2,1637.2,2025-10,130.0,0.35
185,Anouk Koevermans,22.1,1594.9,172,1569.6,158,1562.5,227,1441.1,1669.6,2024-08,159.0,0.15
186,Aliona Falei,22.0,1594.5,168,1574.8,230,1471.4,190,1473.0,1644.3,2024-04,222.0,-0.18
187,Carson Branstine,25.3,1593.6,215,1511.9,160,1559.2,113,1571.3,1675.2,2025-09,289.0,-0.44
188,Olivia Gadecki,23.8,1593.1,175,1566.8,203,1501.9,180,1483.0,1767.5,2024-10,204.0,-0.08
189,Xinyu Gao,28.3,1592.8,190,1547.7,164,1554.3,247,1425.7,1629.1,2026-03,231.0,-0.2
190,Fiona Crawley,24.0,1591.1,189,1550.0,308,1381.8,192,1470.5,1639.5,2026-02,199.0,-0.05
191,Maria Timofeeva,22.3,1591.0,184,1555.0,166,1549.6,301,1392.8,1654.9,2025-10,153.0,0.22
192,Polona Hercog,35.2,1589.2,206,1523.9,148,1582.5,147,1522.6,1894.8,2011-07,269.0,-0.34
193,Heather Watson,33.8,1588.3,186,1554.6,251,1449.3,142,1530.7,1912.2,2014-06,288.0,-0.4
194,Laura Samson,18.0,1587.2,225,1493.7,128,1603.7,193,1468.6,1716.7,2025-11,172.0,0.12
195,Mary Stoiana,22.8,1585.1,200,1531.3,257,1443.0,196,1467.6,1658.4,2024-10,168.0,0.15
196,Tereza Martincova,31.4,1583.4,171,1569.9,243,1456.1,131,1547.6,1811.8,2022-03,262.0,-0.29
197,Katarzyna Kawa,33.3,1581.6,277,1447.8,133,1600.8,164,1503.5,1650.2,2025-07,161.0,0.2
198,Jana Fett,29.0,1579.7,208,1522.8,163,1556.2,167,1496.4,1755.5,2017-10,226.0,-0.13
199,Elvina Kalieva,22.6,1578.8,191,1544.6,208,1496.7,252,1422.0,1598.4,2026-04,137.0,0.37
200,Alisa Oktiabreva,17.6,1577.4,280,1442.4,145,1583.5,200,1463.7,1612.7,2026-01,282.0,-0.34
201,Zhuoxuan Bai,23.3,1574.7,185,1555.0,259,1439.6,135,1540.4,1740.2,2024-01,357.0,-0.57
202,Noma Noha Akugue,22.3,1572.2,178,1562.2,236,1464.3,280,1407.6,1668.1,2023-08,195.0,0.04
203,Lola Radivojevic,21.2,1571.9,237,1484.1,135,1596.7,156,1515.2,1674.4,2025-10,146.0,0.33
204,Lauren Davis,31.8,1571.6,177,1564.8,190,1511.0,160,1509.8,1924.3,2017-03,776.0,-1.34
205,Mona Barthel,35.7,1570.9,193,1542.6,178,1529.5,266,1414.8,2000.1,2012-05,180.0,0.13
206,Renata Jamrichova,18.2,1566.4,212,1514.3,183,1522.0,272,1411.2,1582.5,2025-09,343.0,-0.51
207,Madison Brengle,36.0,1566.0,194,1539.1,181,1528.3,178,1484.4,1853.0,2016-03,356.0,-0.54
208,Lucrezia Stefanini,27.8,1564.0,204,1525.7,194,1506.4,159,1512.4,1650.2,2024-12,148.0,0.34
209,Anna Siskova,24.7,1560.2,199,1532.1,227,1476.4,315,1382.4,1569.7,2026-03,223.0,-0.06
210,Nuria Brancaccio,25.7,1559.1,358,1353.5,152,1570.0,285,1406.0,1642.1,2025-10,152.0,0.32
211,Ye Xin Ma,26.8,1558.8,196,1535.9,363,1328.1,236,1435.7,1605.5,2026-03,167.0,0.23
212,Clervie Ngounoue,19.2,1557.4,202,1526.8,253,1448.2,246,1427.0,1690.6,2025-08,296.0,-0.33
213,Harmony Tan,28.5,1556.2,201,1529.4,289,1397.8,144,1525.0,1709.7,2022-08,205.0,0.04
214,Francisca Jorge,25.9,1554.1,197,1534.7,249,1449.7,182,1482.1,1569.7,2025-11,188.0,0.13
215,Anna Lena Friedsam,32.1,1552.9,218,1506.1,186,1520.4,231,1438.5,1842.9,2016-05,202.0,0.06
216,Nao Hibino,31.3,1551.7,205,1525.0,207,1499.2,221,1444.3,1751.2,2015-09,178.0,0.19
217,Aleksandra Krunic,32.9,1550.9,222,1497.2,162,1558.4,155,1516.1,1838.0,2018-01,733.0,-1.22
218,Jazmin Ortenzi,24.3,1550.5,317,1394.9,173,1538.6,253,1421.9,1558.6,2026-03,165.0,0.28
219,Guiomar Maristany Zuleta De Reales,27.1,1547.4,238,1482.6,171,1539.2,274,1410.0,1589.2,2025-05,182.0,0.19
220,Fangran Tian,22.6,1542.0,209,1521.6,302,1386.0,217,1446.0,1605.5,2026-03,246.0,-0.11
221,Vendula Valdmannova,18.3,1540.7,216,1510.4,353,1338.0,218,1445.4,1618.5,2026-03,257.0,-0.15
222,Taylah Preston,20.4,1539.2,203,1526.1,313,1378.0,292,1401.1,1747.0,2024-03,151.0,0.39
223,Ekaterine Gorgodze,34.3,1537.7,244,1475.8,204,1500.8,194,1468.6,1609.9,2021-08,166.0,0.3
224,Oceane Dodin,29.4,1535.8,214,1512.7,233,1467.0,209,1452.7,1827.7,2016-11,564.0,-0.92
225,Martyna Kubka,24.9,1535.3,220,1499.9,290,1397.5,223,1442.6,1582.5,2026-03,284.0,-0.23
226,Lucia Bronzetti,27.3,1534.3,217,1506.8,200,1504.9,225,1441.5,1777.9,2025-03,164.0,0.32
227,Lina Gjorcheska,31.6,1533.8,264,1456.7,191,1508.1,210,1452.7,1636.7,2017-04,191.0,0.17
228,Arantxa Rus,35.3,1533.7,213,1513.7,177,1529.7,256,1421.0,1774.5,2012-07,141.0,0.48
229,Zarina Diyas,32.2,1533.1,210,1521.2,223,1480.7,188,1478.6,1856.6,2015-02,309.0,-0.3
230,Ane Mintegi Del Olmo,22.4,1532.4,274,1449.2,198,1505.2,226,1441.2,1565.5,2026-04,252.0,-0.09
231,Julieta Pareja,17.1,1528.3,257,1463.1,206,1499.3,230,1439.1,1619.7,2025-03,366.0,-0.46
232,Mia Ristic,19.8,1527.0,332,1377.5,197,1505.7,232,1438.5,1662.1,2023-11,265.0,-0.13
233,Susan Bandecchi,27.7,1526.2,235,1486.9,247,1451.8,224,1442.4,1581.4,2025-11,211.0,0.1
234,Elena Pridankina,20.5,1525.4,239,1481.9,179,1529.5,291,1401.8,1658.2,2025-04,215.0,0.08
235,Cadence Brace,20.9,1525.3,221,1498.4,409,1303.9,233,1437.6,1589.0,2025-10,194.0,0.19
236,Alevtina Ibragimova,21.1,1525.0,243,1476.9,224,1477.9,234,1437.5,1554.0,2026-02,312.0,-0.28
237,Eva Guerrero Alvarez,26.5,1522.8,219,1505.0,267,1427.9,267,1414.4,1604.1,2026-02,229.0,0.03
238,Hayu Kinoshita,19.3,1522.7,211,1517.1,371,1323.9,235,1436.3,1550.0,2026-03,299.0,-0.23
239,Julia Avdeeva,23.7,1521.7,224,1493.8,242,1457.5,269,1413.2,1654.7,2024-02,233.0,0.03
240,Tyra Caterina Grant,17.9,1521.3,250,1469.0,229,1472.7,237,1435.7,1624.6,2025-06,300.0,-0.22
241,Mariam Bolkvadze,28.2,1519.9,223,1496.9,378,1320.3,213,1449.9,1622.4,2021-09,499.0,-0.73
242,Leyre Romero Gormaz,24.0,1517.3,242,1476.9,218,1488.4,288,1404.1,1656.1,2024-06,179.0,0.3
243,Polina Iatcenko,22.3,1515.8,228,1492.2,317,1372.9,238,1432.9,1750.9,2025-10,163.0,0.4
244,Iryna Shymanovich,28.7,1515.8,252,1467.1,201,1504.8,303,1392.0,1649.2,2023-08,184.0,0.28
245,Akasha Urhobo,19.1,1515.4,300,1410.1,211,1494.4,239,1432.7,1525.6,2024-06,235.0,0.04
246,Sachia Vickery,30.8,1514.2,249,1473.9,199,1505.1,244,1428.0,1736.9,2018-04,694.0,-1.04
247,Jessika Ponchet,29.5,1512.1,248,1474.3,196,1506.0,214,1449.7,1622.0,2024-06,170.0,0.37
248,Astra Sharma,30.3,1511.5,254,1465.7,210,1496.0,222,1444.0,1708.0,2019-04,228.0,0.08
249,Katrina Scott,21.7,1511.3,253,1466.5,220,1483.8,321,1377.9,1696.9,2022-08,280.0,-0.12
250,Emina Bektas,32.5,1509.5,240,1481.6,391,1314.9,198,1464.9,1692.4,2023-10,494.0,-0.68
251,Amarissa Kiara Toth,23.1,1509.2,293,1423.6,205,1499.8,242,1429.6,1605.7,2025-06,308.0,-0.2
252,Xiaodi You,29.8,1509.0,226,1493.5,299,1388.5,335,1373.2,1517.7,2017-11,196.0,0.25
253,Anastasia Gasanova,26.8,1508.8,227,1493.2,244,1455.4,228,1440.5,1644.4,2022-01,185.0,0.31
254,Julia Riera,23.8,1508.8,259,1461.3,219,1487.7,255,1421.1,1731.2,2024-05,206.0,0.21
255,Wakana Sonobe,17.7,1506.0,207,1523.0,376,1321.2,245,1428.0,1733.6,2025-04,292.0,-0.14
256,Jodie Burrage,26.3,1505.5,229,1491.4,330,1359.1,197,1465.0,1712.3,2023-07,491.0,-0.65
257,Carole Monnet,24.3,1505.4,289,1427.6,195,1506.1,333,1374.0,1581.6,2025-11,176.0,0.38
258,Erika Andreeva,21.7,1504.0,232,1489.0,255,1443.5,260,1419.1,1795.0,2024-03,314.0,-0.2
259,Veronika Podrez,19.2,1501.0,230,1489.6,458,1269.9,248,1425.5,1550.1,2026-02,209.0,0.21
260,Aliona Bolsova,28.3,1499.9,267,1454.1,225,1476.8,289,1402.9,1726.6,2019-05,242.0,0.07
261,Amandine Monnot,24.1,1499.5,245,1475.6,297,1390.3,250,1424.7,1568.3,2026-03,318.0,-0.2
262,Katherine Sebov,27.2,1499.1,241,1478.6,282,1401.2,275,1409.7,1701.7,2023-04,212.0,0.21
263,Tiantsoa Sarah Rakotomanga Rajaonah,20.2,1498.2,262,1458.6,232,1468.1,251,1424.1,1643.9,2025-09,135.0,0.67
264,Katarina Zavatska,26.1,1498.1,310,1401.4,209,1496.4,273,1410.8,1720.0,2019-11,251.0,0.05
265,Elizabeth Mandlik,24.8,1496.9,234,1488.2,262,1434.4,172,1489.5,1697.6,2023-07,177.0,0.4
266,Darya Astakhova,24.1,1496.8,301,1409.3,193,1507.2,304,1391.3,1642.7,2022-09,281.0,-0.05
267,Mika Stojsavljevic,17.3,1493.7,286,1429.3,326,1361.8,383,1352.1,1538.6,2026-01,276.0,-0.03
268,Maria Lourdes Carle,26.1,1493.6,256,1464.2,226,1476.6,340,1371.0,1768.7,2024-05,198.0,0.3
269,Alexandra Shubladze,20.5,1492.9,236,1486.2,333,1354.8,254,1421.5,1505.2,2026-03,267.0,0.01
270,Viktoria Hruncakova,27.8,1492.4,258,1461.8,265,1429.0,268,1414.1,1890.8,2018-06,217.0,0.22
271,Destanee Aiava,25.6,1491.8,247,1474.5,281,1403.8,314,1383.9,1640.5,2025-02,456.0,-0.52
272,Tara Wurth,23.4,1490.0,323,1390.3,234,1466.2,259,1420.0,1681.6,2022-07,268.0,0.01
273,Despina Papamichail,33.1,1489.1,297,1411.0,228,1473.9,219,1445.0,1551.5,2022-10,160.0,0.53
274,Marina Bassols Ribera,26.3,1488.5,272,1451.0,235,1465.2,243,1428.3,1675.3,2024-01,181.0,0.41
275,En Shuo Liang,25.4,1488.2,231,1489.4,364,1328.0,199,1464.2,1621.7,2019-05,350.0,-0.24
276,Vitalia Diatchenko,35.1,1486.6,255,1465.5,285,1400.4,240,1432.7,1829.9,2014-11,535.0,-0.66
277,Martina Trevisan,32.3,1485.8,261,1458.7,215,1492.0,463,1315.5,1803.7,2022-05,563.0,-0.71
278,Sayaka Ishii,20.5,1484.9,270,1451.9,337,1351.7,216,1448.9,1577.3,2025-03,651.0,-0.85
279,Ayla Aksu,29.7,1484.2,260,1460.8,296,1392.7,263,1417.1,1516.1,2017-08,270.0,0.03
280,Whitney Osuigwe,23.9,1479.2,269,1452.0,260,1437.4,400,1343.5,1799.0,2019-05,173.0,0.48
281,Arina Rodionova,36.1,1478.0,263,1457.7,314,1375.9,212,1450.2,1643.7,2017-07,291.0,-0.03
282,Alexis Blokhina,21.1,1476.3,276,1448.6,279,1409.4,270,1413.2,1509.6,2025-06,404.0,-0.36
283,Louisa Chirico,29.8,1475.7,298,1410.8,187,1515.9,325,1376.6,1812.7,2016-10,214.0,0.28
284,Kristina Dmitruk,22.3,1473.1,265,1456.1,256,1443.4,329,1375.6,1588.2,2025-03,438.0,-0.43
285,Kayla Cross,21.0,1470.0,271,1451.6,345,1345.1,445,1323.1,1528.2,2026-02,201.0,0.35
286,Anastasia Zolotareva,24.1,1466.8,324,1389.7,237,1463.7,278,1408.4,1542.1,2026-03,274.0,0.04
287,Ariana Geerlings,19.9,1465.7,377,1335.9,268,1427.6,279,1407.8,1485.3,2025-07,370.0,-0.25
288,Jule Niemeier,26.6,1465.6,278,1446.7,241,1458.0,207,1452.8,1867.6,2022-06,327.0,-0.13
289,Ekaterina Reyngold,24.9,1465.2,268,1452.2,288,1398.5,281,1407.6,1523.5,2025-10,329.0,-0.13
290,Matilde Jorge,21.9,1464.1,279,1444.2,338,1351.3,282,1407.0,1519.0,2025-06,239.0,0.19
291,Ena Shibahara,28.1,1463.8,281,1438.4,238,1463.2,257,1420.8,1713.2,2024-11,227.0,0.25
292,Kyoka Okamura,30.4,1463.1,292,1424.9,354,1336.4,170,1494.8,1537.8,2025-09,334.0,-0.13
293,Gabriela Andrea Knutson,28.9,1462.0,284,1433.4,430,1286.2,249,1425.5,1597.5,2024-07,224.0,0.27
294,Eva Vedder,26.3,1461.4,273,1449.4,278,1412.4,264,1416.2,1577.5,2025-08,256.0,0.14
295,Eva Bennemann,18.3,1460.8,251,1467.7,350,1338.8,287,1405.4,1535.5,2025-11,338.0,-0.14
296,Silvia Ambrosio,28.9,1460.8,351,1359.5,254,1448.2,286,1405.4,1533.3,2023-06,245.0,0.19
297,Chloe Paquet,31.6,1459.3,294,1421.6,266,1428.6,364,1359.3,1631.4,2024-08,241.0,0.21
298,Amarni Banks,23.1,1459.2,287,1428.4,369,1324.8,284,1406.1,1555.1,2024-01,362.0,-0.19
299,Laura Pigossi,31.6,1454.8,285,1430.0,273,1425.1,406,1338.6,1607.5,2024-06,225.0,0.28
300,Yuriko Miyazaki,30.4,1453.5,295,1417.3,427,1289.1,271,1413.1,1629.1,2023-01,323.0,-0.07
301,Sijia Wei,22.1,1453.1,266,1455.8,411,1301.4,328,1375.9,1762.6,2025-01,382.0,-0.24
302,Arianne Hartono,29.6,1452.8,282,1435.5,315,1375.4,355,1364.6,1610.6,2024-02,295.0,0.02
303,Kathinka Von Deichmann,31.8,1452.7,283,1434.3,275,1417.5,316,1380.4,1625.3,2022-05,221.0,0.32
304,Rada Zolotareva,17.1,1450.9,337,1376.3,349,1340.5,293,1400.5,1508.9,2025-09,442.0,-0.37
305,Camilla Rosatello,30.8,1450.8,340,1373.4,221,1483.5,401,1342.6,1569.5,2025-10,237.0,0.25
306,Nuria Parrizas Diaz,34.7,1449.4,291,1425.2,240,1461.4,322,1377.4,1765.0,2022-02,261.0,0.16
307,Kajsa Rinaldo Persson,28.3,1449.3,309,1402.3,291,1395.4,422,1332.8,1554.8,2025-10,249.0,0.21
308,Jesika Maleckova,30.9,1448.6,327,1384.2,272,1425.1,377,1353.6,1571.1,2016-06,789.0,-0.94
309,Irene Burillo Escorihuela,28.7,1448.3,361,1352.6,252,1449.1,350,1366.7,1537.0,2024-06,216.0,0.36
310,Katie Swan,27.0,1448.0,290,1427.2,329,1359.6,265,1415.0,1661.3,2022-10,263.0,0.16
311,Miriam Bianca Bulgaru,27.3,1447.5,386,1326.6,270,1425.4,361,1361.1,1590.4,2024-09,210.0,0.39
312,Tessah Andrianjafitrimo,27.1,1446.7,299,1410.2,274,1421.1,351,1366.6,1550.6,2024-09,355.0,-0.13
313,Sofya Lansere,25.4,1445.6,275,1448.8,394,1312.8,295,1397.8,1503.5,2024-01,285.0,0.09
314,Lizette Cabrera,28.2,1443.6,306,1405.3,347,1342.8,241,1429.7,1588.0,2017-11,287.0,0.09
315,Mei Yamaguchi,26.7,1442.7,288,1428.2,393,1313.0,334,1373.7,1544.4,2025-02,275.0,0.14
316,Margaux Rouvroy,25.0,1442.7,315,1397.6,280,1408.3,298,1396.4,1545.4,2023-05,306.0,0.03
317,Elena Ruxandra Bertea,19.8,1439.4,390,1318.8,248,1451.7,299,1394.7,1576.2,2025-09,290.0,0.09
318,Dalila Spiteri,28.8,1438.3,381,1334.3,261,1437.2,300,1394.1,1488.8,2023-07,273.0,0.15
319,Patricia Maria Tig,31.0,1435.9,314,1398.6,264,1429.1,429,1328.7,1730.1,2020-09,515.0,-0.48
320,Mai Hontama,26.5,1435.7,308,1404.5,276,1415.7,357,1363.9,1687.6,2024-03,213.0,0.41
321,Jana Kovackova,15.7,1435.4,318,1393.9,324,1363.2,302,1392.7,1491.6,2026-03,596.0,-0.62
322,Yidi Yang,26.2,1429.1,305,1407.8,334,1354.4,306,1389.5,1445.3,2026-03,317.0,0.02
323,Emeline Dartron,25.9,1427.8,316,1397.2,292,1395.3,309,1388.9,1525.5,2025-04,824.0,-0.94
324,Zhibek Kulambayeva,25.4,1425.2,441,1278.3,271,1425.3,310,1387.6,1439.7,2025-09,397.0,-0.2
325,Hiromi Abe,25.8,1425.1,303,1408.9,365,1327.5,311,1387.5,1499.2,2026-02,304.0,0.07
326,Irina Bara,30.3,1422.1,363,1350.6,287,1399.6,455,1317.8,1670.0,2020-09,507.0,-0.44
327,Mingge Xu,18.3,1420.0,326,1384.7,368,1325.0,369,1356.2,1566.3,2025-12,250.0,0.27
328,Samira De Stefano,21.8,1419.1,321,1391.3,474,1254.9,313,1384.6,1488.4,2026-01,313.0,0.05
329,Sohyun Park,23.7,1417.0,296,1411.2,340,1347.2,204,1458.5,1536.6,2019-09,277.0,0.17
330,Haruka Kaji,31.4,1416.0,302,1409.3,356,1334.1,258,1420.6,1517.5,2025-03,331.0,0.0
331,Valentina Ryser,25.0,1415.4,364,1349.9,464,1265.2,179,1484.0,1638.5,2025-06,369.0,-0.11
332,Hina Inoue,22.8,1414.0,320,1391.9,478,1250.8,324,1376.7,1550.8,2024-10,254.0,0.27
333,Sara Saito,19.5,1412.3,313,1398.8,284,1400.8,484,1303.6,1664.6,2024-07,307.0,0.08
334,Elena Malygina,25.8,1411.2,304,1407.9,415,1299.7,206,1455.6,1470.1,2019-02,294.0,0.13
335,Robin Anderson,32.3,1410.7,328,1383.0,300,1388.4,372,1355.0,1641.1,2019-10,562.0,-0.52
336,Selena Janicijevic,23.7,1410.3,375,1339.7,295,1392.9,294,1398.9,1576.3,2024-07,247.0,0.31
337,Yeon Woo Ku,23.0,1409.0,329,1382.5,379,1319.5,317,1379.5,1541.1,2026-01,203.0,0.51
338,Ana Sofia Sanchez,31.9,1408.0,348,1360.6,305,1384.1,318,1379.0,1487.1,2025-07,230.0,0.38
339,Jennifer Ruggeri,22.6,1406.8,392,1318.4,304,1384.6,320,1378.4,1448.0,2023-09,266.0,0.24
340,Caroline Uebelhoer,29.9,1404.8,374,1340.4,293,1393.7,323,1377.4,1519.2,2025-04,258.0,0.28
341,Raluka Serban,28.7,1403.7,330,1382.0,307,1381.9,312,1384.7,1648.9,2022-04,271.0,0.23
342,Isis Louise Van Den Broek,20.0,1403.7,344,1366.9,381,1318.4,297,1396.7,1431.5,2026-01,518.0,-0.42
343,Carol Zhao,30.7,1403.5,312,1400.0,399,1307.9,277,1408.8,1576.7,2017-11,408.0,-0.17
344,Alice Tubello,25.1,1403.0,398,1310.3,269,1427.4,326,1376.5,1479.9,2025-09,297.0,0.15
345,Amandine Hesse,33.2,1401.8,346,1365.4,327,1360.4,458,1317.4,1573.3,2015-09,417.0,-0.19
346,Tina Nadine Smith,23.6,1401.1,325,1388.2,325,1363.1,330,1375.5,1532.3,2025-02,344.0,0.01
347,Mathilde Lollia,25.8,1399.6,434,1286.1,312,1378.1,331,1374.8,1472.7,2025-09,498.0,-0.36
348,Anouck Vrancken Peeters,22.9,1399.2,319,1392.7,422,1295.3,358,1362.4,1420.8,2026-02,322.0,0.08
349,Vivian Wolff,27.4,1398.4,311,1400.5,400,1307.9,332,1374.2,1454.9,2024-05,293.0,0.17
350,Berfu Cengiz,26.4,1397.1,334,1377.4,316,1373.9,376,1353.9,1611.7,2024-06,470.0,-0.29
351,Ayana Akli,24.7,1396.7,307,1405.1,421,1296.2,395,1344.9,1559.9,2025-08,236.0,0.4
352,Misaki Matsuda,27.6,1395.4,335,1377.3,321,1369.2,336,1372.7,1472.5,2022-08,384.0,-0.09
353,Dalila Jakupovic,34.9,1395.0,338,1375.2,322,1366.9,417,1333.9,1762.6,2018-07,381.0,-0.08
354,Monika Ekstrand,18.8,1393.8,333,1377.5,423,1294.9,338,1371.9,1524.6,2025-06,412.0,-0.15
355,Naiktha Bains,28.1,1393.5,342,1369.2,366,1327.1,492,1295.1,1427.3,2019-05,374.0,-0.05
356,Francesca Curmi,23.7,1392.9,331,1380.4,318,1372.4,339,1371.4,1502.4,2025-03,398.0,-0.11
357,Julie Struplova,21.2,1392.0,389,1321.4,311,1380.3,341,1371.0,1420.1,2025-11,315.0,0.13
358,Weronika Ewald,19.9,1391.8,373,1340.6,336,1352.4,343,1370.9,1428.5,2026-02,395.0,-0.1
359,Viktoria Morvayova,25.0,1391.5,339,1373.7,432,1286.1,344,1370.8,1441.9,2026-03,316.0,0.13
360,Shrivalli Rashmikaa Bhamidipaty,24.1,1390.3,341,1370.0,396,1310.1,345,1370.1,1490.2,2024-02,523.0,-0.37
361,Gabriela Lee,30.5,1389.4,431,1287.4,286,1400.2,485,1302.4,1608.8,2022-05,354.0,0.02
362,Lea Ma,25.1,1389.2,345,1366.9,383,1316.9,392,1347.0,1448.1,2026-02,333.0,0.08
363,Ylena In Albon,26.9,1388.9,397,1311.7,319,1371.4,363,1360.1,1591.7,2022-05,436.0,-0.18
364,Sahaja Yamalapalli,25.3,1388.1,355,1355.0,453,1274.9,319,1378.8,1465.4,2026-01,386.0,-0.06
365,Aneta Kladivova,25.8,1387.7,376,1338.0,309,1381.4,346,1368.8,1498.6,2024-08,428.0,-0.16
366,Ranah Akua Stoiber,20.8,1387.3,370,1343.9,405,1305.3,431,1328.2,1450.1,2025-08,439.0,-0.18
367,Kristiana Sidorova,19.8,1385.1,343,1368.0,401,1307.5,347,1367.5,1462.0,2026-02,380.0,-0.03
368,Jessica Pieri,28.9,1384.5,396,1315.0,306,1382.8,368,1356.7,1610.2,2021-05,260.0,0.35
369,Eryn Cayetano,24.8,1384.4,354,1355.5,402,1307.2,348,1367.2,1405.5,2026-02,377.0,-0.02
370,Rositsa Dencheva,18.9,1383.7,416,1301.0,320,1371.0,349,1366.9,1420.4,2026-03,461.0,-0.22
371,Su Jeong Jang,30.9,1383.6,356,1354.5,277,1414.0,421,1333.3,1643.8,2017-05,703.0,-0.64
372,Miho Kuramochi,27.7,1383.1,349,1360.3,403,1306.5,356,1364.4,1434.2,2024-01,339.0,0.09
373,Angelina Voloshchuk,18.8,1383.0,357,1354.4,425,1294.1,352,1366.5,1420.3,2026-02,372.0,0.0
374,Luisina Giovannini,19.1,1380.6,449,1271.1,283,1401.0,353,1365.3,1481.2,2025-12,187.0,0.69
375,Alicia Dudeney,22.8,1379.4,352,1357.4,407,1304.7,382,1352.6,1410.1,2026-04,319.0,0.16
376,Vaishnavi Adkar,21.1,1374.0,350,1359.6,410,1302.0,359,1362.0,1383.7,2026-02,385.0,-0.02
377,Alessandra Mazzola,25.7,1372.5,412,1301.3,328,1359.8,360,1361.3,1514.5,2025-07,469.0,-0.22
378,Barbora Palicova,22.0,1372.3,384,1330.4,301,1386.3,354,1364.9,1672.5,2022-11,244.0,0.44
379,Eunhye Lee,25.8,1371.7,353,1356.2,413,1300.8,362,1360.8,1436.6,2025-11,341.0,0.11
380,Haley Giavara,25.4,1371.6,371,1343.2,457,1271.0,342,1371.0,1423.4,2023-07,336.0,0.12
381,Hanna Chang,27.9,1371.4,383,1331.0,303,1385.4,470,1312.6,1505.5,2025-04,405.0,-0.06
382,Justina Mikulskyte,30.1,1371.1,380,1335.0,294,1393.2,482,1304.3,1527.5,2022-05,255.0,0.4
383,Isabella Shinikova,34.3,1370.6,336,1376.8,472,1256.8,512,1283.2,1640.8,2019-10,396.0,-0.03
384,Zongyu Li,22.8,1368.1,369,1345.7,387,1315.4,365,1359.0,1441.8,2025-03,496.0,-0.26
385,Sakura Hosogi,25.9,1365.9,359,1352.8,446,1278.1,366,1358.0,1403.0,2026-02,387.0,-0.01
386,Tena Lukas,30.8,1364.2,401,1308.7,323,1363.4,414,1335.3,1543.0,2018-07,421.0,-0.09
387,Natsumi Kawaguchi,23.6,1363.8,360,1352.7,420,1296.9,433,1326.4,1517.4,2023-05,432.0,-0.11
388,Zuzanna Pawlikowska,21.1,1363.7,347,1362.3,385,1315.9,367,1356.8,1487.4,2026-02,403.0,-0.04
389,Usue Maitane Arconada,27.4,1361.6,362,1352.4,455,1271.4,403,1341.9,1669.8,2019-09,668.0,-0.54
390,Alina Granwehr,22.7,1361.5,421,1295.8,374,1322.9,371,1355.8,1391.3,2026-04,330.0,0.17
391,Malaika Rapolu,22.5,1359.1,366,1346.9,419,1297.0,374,1354.5,1526.4,2024-11,536.0,-0.32
392,Lea Boskovic,26.4,1358.9,379,1335.1,341,1346.6,308,1389.3,1591.8,2024-08,433.0,-0.1
393,Julie Belgraver,23.7,1358.3,388,1322.3,372,1323.8,375,1354.2,1581.5,2025-06,238.0,0.5
394,Nastasja Schunk,22.5,1358.1,385,1330.1,344,1345.1,276,1409.7,1675.1,2022-05,363.0,0.08
395,Victoria Rodriguez,30.8,1356.9,372,1340.7,418,1297.8,378,1353.5,1470.7,2015-10,383.0,0.03
396,Deborah Chiesa,29.6,1356.6,443,1273.1,310,1380.6,439,1324.4,1581.4,2018-05,540.0,-0.31
397,Anastasiya Soboleva,21.8,1356.4,403,1307.7,331,1358.2,466,1314.4,1571.2,2025-05,272.0,0.38
398,Cagla Buyukakcay,36.4,1356.3,378,1335.7,343,1345.4,539,1242.4,1727.7,2016-05,388.0,0.03
399,Ena Koike,19.2,1356.0,382,1331.4,449,1277.2,380,1353.0,1385.2,2025-06,441.0,-0.1
400,Oana Georgeta Simion,29.5,1355.4,423,1292.7,352,1338.4,381,1352.7,1392.5,2025-06,490.0,-0.2
401,Astrid Lew Yan Foon,20.5,1354.0,407,1304.6,348,1341.2,385,1352.0,1438.9,2024-04,446.0,-0.11
402,Maria Sara Popa,20.6,1354.0,477,1244.6,339,1350.5,384,1352.0,1461.0,2023-09,521.0,-0.26
403,Manon Leonard,25.2,1353.0,365,1347.5,513,1199.7,523,1274.7,1574.5,2024-03,305.0,0.28
404,Antonia Vergara Rivera,18.9,1352.4,424,1291.2,351,1338.7,386,1351.2,1395.9,2025-11,400.0,0.01
405,Federica Urgesi,21.1,1352.1,408,1303.4,335,1353.4,387,1351.1,1409.0,2025-11,409.0,-0.01
406,Alice Rame,28.3,1350.6,523,1179.1,298,1388.8,388,1350.3,1596.5,2025-10,192.0,0.75
407,Meiling Wang,25.5,1347.4,368,1346.3,445,1278.8,389,1348.7,1501.5,2024-05,612.0,-0.41
408,Anja Stankovic,20.4,1345.8,430,1287.9,388,1315.3,390,1347.9,1400.2,2025-08,512.0,-0.23
409,Sofia Rocchetti,23.2,1344.3,446,1272.6,359,1331.9,391,1347.1,1366.9,2025-11,689.0,-0.52
410,Ekaterina Kazionova,27.2,1342.9,399,1309.0,384,1316.3,436,1325.5,1515.5,2025-07,392.0,0.04
411,Radka Zelnickova,22.7,1342.8,402,1308.2,470,1260.3,393,1346.4,1368.0,2025-11,475.0,-0.14
412,Mina Hodzic,23.8,1341.5,367,1346.8,436,1284.6,432,1327.8,1534.3,2024-04,411.0,0.0
413,Martina Colmegna,29.3,1341.1,436,1285.6,362,1328.9,394,1345.6,1526.9,2023-01,402.0,0.03
414,Gabriela Ce,33.0,1339.5,456,1263.5,382,1317.7,456,1317.8,1517.0,2022-05,324.0,0.25
415,Anastasia Abbagnato,21.9,1339.3,428,1288.4,355,1334.4,396,1344.7,1447.4,2025-10,463.0,-0.11
416,Lia Karatancheva,22.5,1339.0,466,1255.4,389,1315.2,397,1344.5,1478.0,2025-05,303.0,0.32
417,Saki Imamura,23.6,1338.0,393,1318.1,439,1284.0,412,1336.0,1427.6,2025-10,393.0,0.06
418,Carolyn Ansari,25.2,1337.5,418,1297.9,416,1298.7,399,1343.7,1442.2,2026-02,302.0,0.33
419,Ayano Shimizu,27.7,1336.1,411,1301.4,493,1226.4,379,1353.1,1527.1,2018-07,468.0,-0.11
420,Kira Pavlova,21.9,1334.9,405,1307.1,442,1282.5,402,1342.5,1394.5,2024-04,352.0,0.18
421,Carolina Alves,29.8,1332.0,414,1301.1,370,1324.4,497,1292.4,1582.2,2022-05,253.0,0.51
422,Maria Mateas,26.0,1329.7,404,1307.2,404,1305.4,471,1312.4,1528.7,2017-09,522.0,-0.21
423,Lisa Zaar,25.8,1328.2,422,1294.6,426,1293.2,404,1339.1,1386.3,2025-11,414.0,0.02
424,Sofia Elena Cabezas Dominguez,24.0,1327.8,387,1324.7,484,1244.6,405,1338.9,1416.1,2026-02,476.0,-0.12
425,Tessa Johanna Brockmann,20.3,1326.7,410,1303.0,443,1281.1,407,1338.4,1445.0,2025-08,278.0,0.42
426,Maria Kozyreva,26.4,1326.1,394,1318.0,435,1285.0,409,1338.0,1586.1,2024-03,516.0,-0.19
427,Nahia Berecoechea,21.9,1326.1,471,1251.6,386,1315.7,408,1338.0,1374.4,2026-02,478.0,-0.11
428,Elena Micic,21.5,1325.9,417,1298.2,482,1247.8,410,1338.0,1406.5,2025-01,364.0,0.16
429,Jana Kolodynska,22.4,1322.7,391,1318.7,511,1201.2,488,1297.5,1443.8,2023-10,586.0,-0.31
430,Angela Fita Boluda,26.6,1322.7,491,1227.2,375,1322.7,411,1336.4,1561.8,2024-09,248.0,0.55
431,Carlota Martinez Cirez,25.1,1322.5,497,1219.4,392,1313.1,459,1317.4,1420.6,2025-07,340.0,0.24
432,Gergana Topalova,25.8,1322.3,527,1172.7,397,1310.1,434,1326.0,1455.2,2024-07,368.0,0.16
433,Anastasia Tikhonova,25.1,1322.0,426,1289.3,367,1326.6,327,1376.4,1592.0,2022-03,243.0,0.58
434,Sada Nahimana,24.9,1321.4,453,1267.6,361,1330.1,413,1335.7,1554.7,2025-05,279.0,0.44
435,Lina Glushko,25.8,1319.9,413,1301.3,408,1304.1,307,1389.4,1581.4,2019-02,617.0,-0.35
436,Yasmine Mansouri,24.8,1317.7,406,1306.8,521,1178.0,418,1333.8,1399.3,2024-11,389.0,0.11
437,Maria Martinez Vaquero,24.1,1317.5,420,1297.4,462,1267.8,419,1333.8,1418.2,2025-08,445.0,-0.02
438,Georgia Pedone,21.0,1317.0,528,1171.2,358,1333.4,435,1325.8,1563.8,2024-09,332.0,0.28
439,Rasheeda Mcadoo,30.7,1316.8,442,1278.3,487,1239.4,420,1333.4,1340.9,2026-02,503.0,-0.14
440,Laura Mair,23.1,1315.3,470,1251.6,360,1331.0,423,1332.7,1424.3,2025-10,513.0,-0.15
441,Tiphanie Fiquet,25.8,1314.9,440,1280.3,380,1318.7,424,1332.4,1449.7,2025-10,328.0,0.3
442,Martina Okalova,28.3,1314.5,409,1303.2,452,1275.5,425,1332.3,1504.3,2025-05,394.0,0.11
443,Anna Sinclair Rogers,27.9,1314.2,425,1290.1,454,1272.4,398,1343.9,1432.3,2024-11,283.0,0.45
444,Andreea Prisacariu,25.6,1310.5,462,1258.3,450,1277.1,426,1330.2,1380.7,2022-05,429.0,0.03
445,Ella Mcdonald,20.2,1309.6,512,1204.0,459,1269.8,370,1356.2,1487.4,2025-06,464.0,-0.04
446,Han Shi,20.8,1308.0,415,1301.1,447,1277.8,452,1320.0,1657.2,2024-08,353.0,0.23
447,Carla Markus,19.7,1307.9,452,1268.9,417,1298.4,427,1328.9,1351.3,2026-01,466.0,-0.04
448,Daria Lodikova,29.4,1307.8,489,1234.1,412,1301.1,428,1328.9,1453.4,2024-10,505.0,-0.12
449,Alicia Herrero Linana,27.2,1307.5,468,1252.3,414,1300.1,430,1328.7,1452.1,2025-10,345.0,0.26
450,Priska Madelyn Nugroho,22.8,1305.1,433,1287.0,357,1333.7,290,1402.6,1559.9,2020-03,391.0,0.14
451,Anastasia Kulikova,26.0,1304.4,437,1283.2,390,1315.2,474,1310.2,1667.1,2021-07,517.0,-0.14
452,Ekaterina Makarova,29.3,1302.2,475,1247.1,444,1279.0,540,1230.7,1452.8,2024-07,652.0,-0.37
453,Ipek Oz,26.6,1300.6,400,1309.0,441,1282.6,494,1294.3,1563.9,2022-05,489.0,-0.08
454,Diana Martynov,24.9,1300.6,448,1271.2,431,1286.2,437,1325.3,1521.5,2024-10,449.0,0.01
455,Jenny Lim,21.2,1299.3,458,1260.9,456,1271.1,438,1324.7,1477.7,2024-05,492.0,-0.08
456,Miriana Tona,31.2,1298.6,432,1287.1,448,1277.3,440,1324.3,1429.3,2024-04,321.0,0.35
457,Meiqi Guo,25.7,1297.7,467,1252.5,461,1267.9,441,1323.9,1346.6,2025-09,477.0,-0.04
458,Josy Daems,19.9,1296.7,473,1249.0,479,1250.6,442,1323.4,1373.7,2025-08,484.0,-0.06
459,Ilinca Dalina Amariei,23.2,1296.7,499,1218.2,438,1284.3,443,1323.4,1358.3,2024-01,497.0,-0.08
460,Madison Sieg,22.6,1296.6,447,1271.5,475,1252.8,444,1323.3,1336.0,2025-07,451.0,0.02
461,Ikumi Yamazaki,24.5,1295.7,464,1256.8,342,1345.4,446,1322.9,1493.3,2025-08,440.0,0.05
462,Eudice Wong Chong,29.5,1295.0,395,1315.7,515,1195.7,296,1397.5,1640.2,2014-02,685.0,-0.39
463,Aurora Zantedeschi,25.0,1294.6,525,1178.0,424,1294.5,447,1322.3,1526.9,2025-03,399.0,0.15
464,Emily Appleton,26.4,1294.3,481,1242.9,489,1227.7,465,1314.7,1437.9,2024-06,483.0,-0.04
465,Elina Nepliy,28.0,1293.1,457,1263.2,406,1305.1,448,1321.6,1369.6,2025-10,574.0,-0.21
466,Tatiana Pieri,27.0,1292.9,451,1269.2,463,1265.8,449,1321.4,1415.2,2025-09,371.0,0.23
467,Gina Marie Dittmann,23.4,1290.9,454,1266.2,460,1269.3,450,1320.5,1326.6,2025-09,487.0,-0.04
468,Cristina Diaz Adrover,20.3,1290.4,500,1217.7,428,1289.0,451,1320.2,1359.0,2025-09,390.0,0.18
469,Xinxin Yao,22.4,1289.1,435,1285.9,505,1209.4,453,1319.6,1539.4,2025-01,418.0,0.12
470,Momoko Kobori,27.6,1288.8,438,1281.8,503,1209.8,503,1288.9,1439.9,2018-05,427.0,0.1
471,Amelia Rajecki,23.7,1287.7,479,1243.5,471,1258.8,464,1315.5,1468.1,2024-06,422.0,0.11
472,Wushuang Zheng,27.1,1287.4,429,1288.2,517,1195.2,454,1318.7,1518.4,2025-04,465.0,0.01
473,Iva Primorac,29.9,1285.3,507,1209.2,395,1311.6,457,1317.6,1436.2,2024-09,587.0,-0.22
474,Peangtarn Plipuech,33.2,1284.9,450,1270.0,494,1223.1,496,1292.8,1452.6,2019-05,734.0,-0.44
475,Georgia Andreea Craciun,26.2,1283.1,519,1189.5,440,1282.6,460,1316.6,1414.9,2024-11,531.0,-0.11
476,Petra Hule,26.9,1282.7,444,1273.1,434,1285.4,532,1255.1,1511.9,2024-02,817.0,-0.54
477,Julie Pastikova,17.6,1282.4,478,1244.0,437,1284.4,461,1316.2,1483.5,2024-06,570.0,-0.18
478,Riya Bhatia,28.0,1281.9,495,1221.9,476,1251.9,507,1286.8,1363.5,2025-09,595.0,-0.22
479,Bianca Elena Barbulescu,,1281.5,465,1255.7,477,1251.1,462,1315.7,1368.5,2025-09,631.0,-0.28
480,Jamie Loeb,30.9,1280.9,463,1258.0,473,1256.6,520,1276.5,1668.4,2017-04,749.0,-0.44
481,Denislava Glushkova,22.1,1280.7,322,1390.4,467,1262.1,305,1390.4,1441.2,2023-04,420.0,0.14
482,Alice Robbe,25.5,1279.2,496,1221.2,332,1356.4,483,1303.8,1499.5,2023-10,717.0,-0.4
483,Diletta Cherubini,23.7,1277.5,492,1223.8,429,1286.6,467,1313.8,1417.6,2025-06,379.0,0.24
484,Noemi Basiletti,19.9,1276.4,518,1190.7,398,1308.4,468,1313.2,1452.1,2025-08,452.0,0.07
485,Melisa Ercan,20.0,1275.4,427,1288.8,506,1209.2,469,1312.7,1454.3,2024-07,630.0,-0.26
486,Ksenia Zaytseva,21.4,1273.8,445,1272.8,466,1262.7,472,1311.9,1468.1,2023-12,621.0,-0.25
487,Urszula Radwanska,35.1,1271.4,476,1246.2,373,1323.4,479,1308.0,1885.0,2012-09,626.0,-0.25
488,Ekaterina Ovcharenko,25.0,1271.4,485,1239.5,433,1285.9,473,1310.7,1402.6,2025-09,534.0,-0.09
489,Laura Hietaranta,21.9,1269.7,486,1237.8,499,1212.9,475,1309.9,1359.8,2025-09,337.0,0.37
490,Ankita Raina,33.0,1269.4,482,1242.8,377,1321.1,526,1271.3,1517.7,2018-04,584.0,-0.18
491,Leonie Kung,24.9,1268.4,419,1297.5,492,1226.5,531,1256.0,1632.1,2021-03,609.0,-0.22
492,Ying Zhang,29.8,1268.3,460,1259.8,508,1204.7,476,1309.2,1289.7,2014-04,549.0,-0.11
493,Ariana Arseneault,23.6,1268.1,469,1251.7,496,1219.6,477,1309.1,1283.7,2026-02,457.0,0.08
494,Victoria Allen,24.8,1266.7,461,1259.6,481,1248.4,478,1308.4,1301.8,2026-01,431.0,0.14
495,Yufei Ren,19.9,1261.8,455,1263.9,510,1201.4,480,1305.9,1428.5,2024-05,359.0,0.32
496,Sarah Iliev,19.5,1260.0,484,1239.6,502,1210.6,481,1305.0,1414.8,2023-05,580.0,-0.16
497,Lucija Ciric Bagaric,22.2,1259.6,506,1209.4,465,1264.0,516,1280.5,1540.7,2024-07,450.0,0.1
498,Alana Smith,26.4,1257.4,472,1249.5,537,1140.4,490,1296.6,1489.9,2024-11,406.0,0.2
499,Jiaqi Wang,23.9,1248.7,483,1242.4,495,1221.5,486,1299.3,1355.4,2025-09,437.0,0.13
500,Pia Lovric,23.9,1245.1,459,1260.0,480,1249.8,337,1372.6,1532.9,2022-04,613.0,-0.2
501,Valeriya Strakhova,30.8,1244.2,531,1155.8,469,1261.0,489,1297.1,1455.2,2025-03,474.0,0.06
502,Sara Cakarevic,29.0,1242.8,510,1204.8,468,1261.3,491,1296.4,1459.6,2024-10,565.0,-0.12
503,Sapfo Sakellaridi,22.9,1239.1,539,1136.5,483,1244.8,493,1294.5,1437.6,2023-07,378.0,0.29
504,Rina Saigo,25.4,1238.3,498,1218.5,518,1195.2,499,1290.7,1407.3,2023-05,301.0,0.52
505,Victoria Hu,23.8,1238.0,493,1223.4,509,1204.2,495,1294.0,1478.5,2024-02,375.0,0.3
506,Yuki Naito,24.9,1235.3,487,1234.8,514,1197.9,530,1262.1,1525.0,2022-06,519.0,-0.03
507,Eri Shimizu,27.8,1234.7,502,1215.3,488,1232.3,487,1298.5,1466.2,2024-09,376.0,0.3
508,Vittoria Paganetti,19.7,1233.3,503,1214.0,507,1207.6,498,1291.7,1269.4,2026-03,419.0,0.19
509,Katerina Tsygourova,25.8,1231.5,501,1217.0,497,1219.1,500,1290.7,1272.5,2026-02,546.0,-0.07
510,Weronika Falkowska,25.8,1231.0,474,1247.9,522,1176.6,501,1290.5,1411.9,2022-11,532.0,-0.04
511,Lucia Cortez Llorca,25.7,1229.8,533,1154.5,451,1276.3,502,1289.9,1483.2,2024-08,481.0,0.06
512,Antonia Schmidt,24.5,1225.8,504,1213.7,528,1162.6,504,1287.9,1393.6,2025-02,472.0,0.08
513,Gabriella Da Silva Fick,25.4,1224.9,517,1195.0,490,1227.5,505,1287.5,1310.4,2025-11,665.0,-0.26
514,Ayumi Koshiishi,25.2,1223.7,505,1213.3,491,1226.9,506,1286.9,1375.8,2024-10,538.0,-0.05
515,Marine Szostak,24.2,1223.2,520,1188.0,485,1241.3,508,1286.6,1285.4,2025-10,636.0,-0.21
516,Aneta Laboutkova,25.9,1220.4,522,1184.3,531,1158.6,509,1285.2,1326.4,2022-08,576.0,-0.11
517,Clara Vlasselaer,24.5,1217.7,509,1206.5,500,1212.5,510,1283.8,1335.4,2024-10,627.0,-0.19
518,Natalija Senic,23.1,1217.5,439,1280.5,527,1164.6,511,1283.7,1291.3,2025-03,365.0,0.35
519,Jessica Bertoldo,33.4,1215.5,494,1222.8,520,1178.2,513,1282.8,1340.8,2025-05,591.0,-0.13
520,Katarina Kuzmova,24.6,1214.7,490,1227.5,541,1130.9,514,1282.4,1254.6,2022-11,326.0,0.47
521,Sofia Shapatava,37.1,1214.1,514,1199.6,504,1209.5,533,1252.4,1540.0,2014-06,425.0,0.2
522,Ana Candiotto,21.8,1212.9,513,1200.6,519,1192.4,515,1281.4,1274.3,2025-10,529.0,-0.01
523,Martha Matoula,28.8,1210.0,480,1243.5,501,1211.1,373,1355.0,1571.3,2022-08,351.0,0.4
524,Nicole Fossa Huergo,30.7,1209.6,515,1198.5,523,1176.4,517,1279.8,1453.7,2024-12,448.0,0.16
525,Ruien Zhang,17.9,1208.1,516,1198.2,498,1219.0,518,1279.0,1349.0,2025-04,678.0,-0.26
526,Arianna Zucchini,22.7,1204.8,535,1143.5,512,1199.7,519,1277.4,1363.5,2024-09,509.0,0.03
527,Yaroslava Bartashevich,21.0,1202.0,537,1142.8,486,1240.3,521,1276.0,1499.9,2025-04,493.0,0.07
528,Yasmine Kabbaj,22.1,1201.5,488,1234.3,536,1143.3,522,1275.8,1245.8,2026-02,360.0,0.38
529,Katarina Jokic,27.9,1197.6,526,1175.5,526,1165.3,524,1273.8,1440.2,2022-01,310.0,0.53
530,Verena Meliss,28.1,1197.1,521,1184.6,532,1153.6,525,1273.6,1239.0,2025-09,553.0,-0.04
531,Kristina Novak,25.6,1191.2,511,1204.3,538,1137.1,528,1270.6,1336.8,2025-10,716.0,-0.3
532,Lian Tran,23.2,1185.7,508,1207.9,525,1165.7,527,1271.0,1501.0,2025-02,567.0,-0.06
533,Amina Anshba,26.1,1175.6,534,1149.3,530,1159.3,529,1262.8,1385.6,2024-09,794.0,-0.4
534,Ana Filipa Santos,30.0,1168.4,529,1168.7,516,1195.2,415,1334.2,1512.6,2019-02,915.0,-0.54
535,Nika Radisic,26.0,1168.1,524,1178.7,524,1174.5,416,1334.0,1566.5,2021-07,799.0,-0.4
536,Ekaterina Yashina,32.5,1154.6,538,1138.7,540,1132.5,541,1212.5,1263.8,2011-07,639.0,-0.18
537,Nadiia Kolb,33.2,1150.7,540,1134.4,534,1147.6,534,1250.3,1236.7,2026-02,793.0,-0.39
538,Carmen Lopez Martinez,20.9,1143.8,532,1154.9,542,1113.6,535,1246.9,1213.5,2025-09,700.0,-0.26
539,Jana Otzipka,21.0,1141.9,530,1161.5,535,1145.1,536,1246.0,1280.2,2025-04,588.0,-0.09
540,Mayuka Aikawa,27.9,1139.1,542,1113.0,533,1151.7,537,1244.5,1237.7,2025-09,555.0,-0.03
541,Ellie Schoppe,24.2,1138.1,536,1143.0,529,1159.8,538,1244.0,1340.4,2025-09,664.0,-0.2
542,Rinko Matsuda,20.9,1121.8,541,1114.4,539,1135.4,542,1205.4,1203.6,2025-06,585.0,-0.08
543,Nadiya Kolb,32.7,1079.8,543,1081.5,543,1101.7,545,1179.3,1208.9,2011-06,,
544,Alba Rey Garcia,23.5,1048.1,544,1059.7,545,1075.8,543,1199.0,1169.0,2024-08,650.0,-0.18
545,Sara Lanca,28.9,1019.6,545,1003.5,544,1077.3,544,1184.8,1187.1,2021-09,1144.0,-0.74
